id,display_title,competition_id,date,home_team_id,away_team_id,status,result_stage_type,result_home_score,result_away_score,result_ending_type,result_round_label,result_round_order,result_group_name,result_series_game_number,result_series_state,updated_at,created_at,ranked_at,api_hockey_id,api_hockey_status
a0m3oi61scu20wjazwwnrn0t,SLO vs DUB,m2u0vnxczjnj45pj6tvh6ard,2026-02-19 16:00:00+00,bim4p58po0wak6razcdl3lbu,tgvgp83qdf10ohe0yy57e4iw,finished,regular_season,0,8,regular,68. kolo,,,,,2026-02-19 18:20:00.423+00,2026-02-09 20:57:17.728+00,2026-02-19 18:20:00.068+00,415527,FT
a0nmp4ewjd97xxgnwr8dgs5b,LMI vs TRE,spsevlvb34lj4i4ny3aq4odq,2026-03-01 14:30:00+00,d5e6f7g8h9i0j1k2l3m4n5o6,r3s4t5u6v7w8x9y0z1a2b3c4,finished,regular_season,4,2,regular,52. kolo,,,,,2026-03-01 18:23:00.455+00,2026-02-16 03:45:03.322+00,2026-03-01 18:23:00.111+00,419331,FT
a3gwtfern4xcgu69sd7muq41,Fin vs Tal,nuy2mhu5y0bptjed2r4dfwtm,2026-02-14 15:40:00+00,q1w2e3r4t5y6u7i8o9p0a1s2,pl0ok9ij8uh7yg6tf5rd4es3,finished,group_phase,11,0,regular,Skupina B,,B,,,2026-02-14 18:10:00.595+00,2026-01-21 20:05:19.213+00,2026-02-14 18:10:00.058+00,395365,FT
a4axzb6yhko8z9x9n8vwz9si,VEG vs PIT,dlcf5rmik3eugzc2yg43mcc4,2026-03-13 02:00:00+00,aek9kjtg9rsm1jocs2b4jb8d,t1sa8foqm1vpug3s8pnqgzvd,scheduled,regular_season,0,0,regular,,,,,,2026-03-02 03:45:06.942+00,2026-03-02 03:45:06.942+00,,416657,NS
a7weehu8a3tbju6e86pb8v1k,POV vs TOP,m2u0vnxczjnj45pj6tvh6ard,2026-02-26 17:00:00+00,jq1j8yoccy6oord1t1vdbnzo,e7xq9q6m6pjsfgdj3wyjb2cx,cancelled,regular_season,0,0,regular,,,,,,2026-02-26 16:50:00.373+00,2026-02-23 03:45:05.14+00,,420496,CANC
aghrbv54qanocrb1hsyv580e,PRE vs SBA,spsevlvb34lj4i4ny3aq4odq,2026-02-15 16:00:00+00,kr5200wmyj1b6e856yeyyph5,f1g2h3i4j5k6l7m8n9o0p1q2,finished,regular_season,1,2,ot,48. kolo,,,,,2026-02-15 18:30:00.462+00,2026-02-08 20:59:40.956+00,2026-02-15 18:30:00.057+00,419309,AOT
arpke07sglwu2xulcah3n2fl,USA vs Nem,nuy2mhu5y0bptjed2r4dfwtm,2026-02-15 20:10:00+00,zxcvbnm123456asdfghjkl78,laksjdhfgqpwoeirutyznvm1,finished,group_phase,5,1,regular,Skupina C,,C,,,2026-02-15 22:40:00.466+00,2026-01-21 20:05:19.427+00,2026-02-15 22:40:00.063+00,395356,FT
ate89k2nzah1s12cimg1qps5,TRN vs ZIA,m2u0vnxczjnj45pj6tvh6ard,2026-02-18 17:00:00+00,bc1shxyiojqaokw7ssfbdecy,jnznxuqqpyu2wvrqy5uelufq,finished,regular_season,2,7,regular,43. kolo,,,,,2026-02-18 19:30:00.412+00,2026-02-09 20:57:17.507+00,2026-02-18 19:30:00.057+00,415526,FT
aul3cg4kbeydu589g5brm688,SLO vs NOV,m2u0vnxczjnj45pj6tvh6ard,2026-02-12 16:00:00+00,bim4p58po0wak6razcdl3lbu,q4wa8tqs7txm6knojl3m65s2,finished,regular_season,1,9,regular,66. kolo,,,,,2026-02-12 18:20:00.386+00,2026-02-09 20:57:14.981+00,2026-02-12 18:20:00.061+00,415513,FT
avvr5ms6x63439gy3siixudh,DAL vs SEA,dlcf5rmik3eugzc2yg43mcc4,2026-02-26 01:00:00+00,p2qpzbj4j1u09p1ou55zt0by,ac89heia4wpmrxlav95g2nsi,finished,regular_season,4,1,regular,,,,,,2026-02-26 19:43:00.268+00,2026-02-26 19:34:13.447+00,2026-02-26 19:43:00.05+00,416530,FT
axdkc3ats6ed1kxvpm7wd2fm,PHI vs NEW,dlcf5rmik3eugzc2yg43mcc4,2026-03-09 23:00:00+00,bj9v45j33fm5cnfyxnx20qpm,wb9q96wax09c9oxlsnjgrkf0,scheduled,regular_season,0,0,regular,,,,,,2026-02-26 19:34:18.5+00,2026-02-26 19:34:18.5+00,,416625,NS
aycvfezbam3v15v0lc5emrur,OTT vs MON,dlcf5rmik3eugzc2yg43mcc4,2026-03-11 23:30:00+00,vch78bb4gj93f5cerygi49if,bke8df06v4fmm5lkyvjddvhr,scheduled,regular_season,0,0,regular,,,,,,2026-02-26 19:34:19.348+00,2026-02-26 19:34:19.348+00,,416642,NS
b1vsbw69gagtwnpnrz5yp2is,MAR vs ZIA,m2u0vnxczjnj45pj6tvh6ard,2026-02-10 17:00:00+00,jdtu11rxcmifimpy3gga7wc8,jnznxuqqpyu2wvrqy5uelufq,finished,regular_season,8,3,regular,41. kolo,,,,,2026-02-10 19:50:00.3+00,2026-02-09 20:57:14.154+00,2026-02-10 19:50:00.09+00,415508,FT
b5rvujwxd5r31vxgl5eboek6,VEG vs MIN,dlcf5rmik3eugzc2yg43mcc4,2026-03-07 03:00:00+00,aek9kjtg9rsm1jocs2b4jb8d,q4nlcr62ro2qwb0ycmr7rll3,finished,regular_season,2,4,regular,,,,,,2026-03-07 05:53:00.249+00,2026-02-26 19:34:17.331+00,2026-03-07 05:53:00.051+00,416606,FT
b5s30zr0i0jibvg4ooyq3zcn,DET vs VEG,dlcf5rmik3eugzc2yg43mcc4,2026-03-05 00:00:00+00,vuuc9di1vy6nf1du7ed28xho,aek9kjtg9rsm1jocs2b4jb8d,finished,regular_season,3,4,ot,,,,,,2026-03-05 02:53:00.486+00,2026-02-26 19:34:16.292+00,2026-03-05 02:53:00.069+00,416587,AOT
b5yipom0mrnfu24niocnhzo3,BUF vs TOR,dlcf5rmik3eugzc2yg43mcc4,2026-03-14 23:00:00+00,mxtxzdc206dy4fflnum7wlql,tvs3td15i2e7o7nea7wyxsv6,scheduled,regular_season,0,0,regular,,,,,,2026-03-02 03:45:07.348+00,2026-03-02 03:45:07.348+00,,416664,NS
b6oph1cugs0ul8v0wekncf8t,ANA vs ST.,dlcf5rmik3eugzc2yg43mcc4,2026-03-09 01:00:00+00,gevo1m85ta8et2ydhciqdb73,aad0z87u1lfdld9qq3syqi6q,scheduled,regular_season,0,0,regular,,,,,,2026-02-26 19:34:18.385+00,2026-02-26 19:34:18.385+00,,416623,NS
b9iuogvgha875ijtqbk10vb3,DUB vs ZIA,m2u0vnxczjnj45pj6tvh6ard,2026-03-05 17:00:00+00,tgvgp83qdf10ohe0yy57e4iw,jnznxuqqpyu2wvrqy5uelufq,live,regular_season,0,0,regular,Quarter-finals,,,,,2026-03-05 17:01:00.139+00,2026-02-23 03:45:06.358+00,,420503,NS
bci7eqsrv22aqvnfrf3kvini,NEW vs CAL,dlcf5rmik3eugzc2yg43mcc4,2026-03-10 23:00:00+00,wb9q96wax09c9oxlsnjgrkf0,y753ajioamngfwl172adzgwh,scheduled,regular_season,0,0,regular,,,,,,2026-02-26 19:34:18.796+00,2026-02-26 19:34:18.796+00,,416630,NS
bff9ragad71i3u5qzrronhy0,TRE vs PRE,spsevlvb34lj4i4ny3aq4odq,2026-02-13 17:00:00+00,r3s4t5u6v7w8x9y0z1a2b3c4,kr5200wmyj1b6e856yeyyph5,finished,regular_season,3,1,regular,47. kolo,,,,,2026-02-13 21:00:00.83+00,2026-02-04 20:23:50.945+00,2026-02-13 21:00:00.047+00,419306,FT
bgpdwqi6c1q5m7jfgtdwmft4,SEA vs ST.,dlcf5rmik3eugzc2yg43mcc4,2026-03-05 03:00:00+00,ac89heia4wpmrxlav95g2nsi,aad0z87u1lfdld9qq3syqi6q,finished,regular_season,2,3,regular,,,,,,2026-03-05 05:43:00.262+00,2026-02-26 19:34:16.415+00,2026-03-05 05:43:00.056+00,416590,FT
bi3qvq3p2o1lbqk115jtx3dx,OTT vs ANA,dlcf5rmik3eugzc2yg43mcc4,2026-03-14 17:00:00+00,vch78bb4gj93f5cerygi49if,gevo1m85ta8et2ydhciqdb73,scheduled,regular_season,0,0,regular,,,,,,2026-03-02 03:45:07.186+00,2026-03-02 03:45:07.186+00,,416660,NS
bne6xwcpbd4s3395mxdjbuwi,DAL vs NAS,dlcf5rmik3eugzc2yg43mcc4,2026-03-01 01:00:00+00,p2qpzbj4j1u09p1ou55zt0by,un0pchtt2a1ol6h8irkzew9b,finished,regular_season,3,2,ot,,,,,,2026-03-01 03:53:00.172+00,2026-02-26 19:34:14.894+00,2026-03-01 03:53:00.05+00,416562,AOT
br19f93s9vyf18zwruj1qdwq,BUF vs SAN,dlcf5rmik3eugzc2yg43mcc4,2026-03-10 23:00:00+00,mxtxzdc206dy4fflnum7wlql,xyrpd5kxq30yuak47rhysyue,scheduled,regular_season,0,0,regular,,,,,,2026-02-26 19:34:18.912+00,2026-02-26 19:34:18.912+00,,416633,NS
bvgcsz9mmh7bgae2wghvtss3,LMI vs SBA,spsevlvb34lj4i4ny3aq4odq,2026-03-06 17:00:00+00,d5e6f7g8h9i0j1k2l3m4n5o6,f1g2h3i4j5k6l7m8n9o0p1q2,finished,regular_season,1,3,regular,53. kolo,,,,,2026-03-06 19:23:00.416+00,2026-02-23 03:45:03.376+00,2026-03-06 19:23:00.065+00,419340,FT
bxznbb28wqqrqubc0rvpuar5,Lot vs USA,nuy2mhu5y0bptjed2r4dfwtm,2026-02-12 20:10:00+00,zaq1xsw2cde3vfr4bgt5nhy6,zxcvbnm123456asdfghjkl78,finished,group_phase,1,5,regular,Skupina C,,C,,,2026-02-12 22:50:00.476+00,2026-01-21 20:05:18.871+00,2026-02-12 22:50:00.084+00,395355,FT
bz700ttdgosbcwtnn9lejiqj,ZVO vs LMI,spsevlvb34lj4i4ny3aq4odq,2026-02-15 17:00:00+00,t9u0v1w2x3y4z5a6b7c8d9e0,d5e6f7g8h9i0j1k2l3m4n5o6,finished,regular_season,4,6,regular,48. kolo,,,,,2026-02-15 19:50:00.477+00,2026-02-08 20:59:41.002+00,2026-02-15 19:50:00.053+00,419312,FT
bzbxopgq3lkgniavlvev17go,DAL vs CHI,dlcf5rmik3eugzc2yg43mcc4,2026-03-08 22:00:00+00,p2qpzbj4j1u09p1ou55zt0by,p2is50977u6818giebpc83ac,scheduled,regular_season,0,0,regular,,,,,,2026-02-26 19:34:18.198+00,2026-02-26 19:34:18.198+00,,416621,NS
c26sanpeh595vk6uo062egjy,Sui vs Cze,nuy2mhu5y0bptjed2r4dfwtm,2026-02-15 11:10:00+00,1qaz2wsx3edc4rfv5tgb6yhn,j4h5g6f7d8s9a0p1o2i3u4y5,finished,group_phase,4,3,ot,Skupina A,,A,,,2026-02-15 13:50:00.597+00,2026-01-21 20:05:19.309+00,2026-02-15 13:50:00.052+00,395358,AOT
c3s72xynzfucabvj52dtsdrm,ANA vs NEW,dlcf5rmik3eugzc2yg43mcc4,2026-03-05 03:00:00+00,gevo1m85ta8et2ydhciqdb73,p8qedae0rtpzt0m28xzrgdev,finished,regular_season,5,1,regular,,,,,,2026-03-05 05:43:00.258+00,2026-02-26 19:34:16.45+00,2026-03-05 05:43:00.056+00,416591,FT
c7agcbsnzljyys18rqu1yuib,USA vs dan,nuy2mhu5y0bptjed2r4dfwtm,2026-02-14 20:10:00+00,zxcvbnm123456asdfghjkl78,mju7nhy6bgt5vfr4cde3xsw2,finished,group_phase,6,3,regular,Skupina C,,C,,,2026-02-14 22:50:00.598+00,2026-01-21 20:05:19.263+00,2026-02-14 22:50:00.104+00,395371,FT
cbwgj19r7tkak17b41bnup53,Tal vs Svk,nuy2mhu5y0bptjed2r4dfwtm,2026-02-13 11:10:00+00,pl0ok9ij8uh7yg6tf5rd4es3,ky7x9r2m5k8l1n3p4q6s0t2v,finished,group_phase,2,3,regular,Skupina B,,B,,,2026-02-13 14:00:01.128+00,2026-01-21 20:05:18.966+00,2026-02-13 14:00:00.706+00,395361,FT
ci8p4ekebzimgnzg6jxcrb61,HK  vs MAR,m2u0vnxczjnj45pj6tvh6ard,2026-03-01 16:00:00+00,zi3p0ax1sneg46qp0peqkirr,jdtu11rxcmifimpy3gga7wc8,live,regular_season,0,0,regular,Quarter-finals,,,,,2026-03-01 16:01:00.293+00,2026-02-23 03:45:05.662+00,,420498,NS
cktb8vw2u4fz8qsfmofznayg,PRE vs KOS,spsevlvb34lj4i4ny3aq4odq,2026-02-27 17:00:00+00,kr5200wmyj1b6e856yeyyph5,o8z4y5p9q2a1b3c5d7e9f0g1,finished,regular_season,1,5,regular,51. kolo,,,,,2026-02-28 03:40:08.253+00,2026-02-16 03:45:02.889+00,,419329,FT
cmhztjrgzndj0tpv6g3v0ppo,Can vs Fra,nuy2mhu5y0bptjed2r4dfwtm,2026-02-15 15:40:00+00,w2e3r4t5y6u7i8o9p0a1s2d3,fq521qu6u08tpdsjc6v607p5,finished,group_phase,10,2,regular,Skupina A,,A,,,2026-02-15 18:20:00.775+00,2026-01-21 20:06:56.727+00,2026-02-15 18:20:00.05+00,395369,FT
coom2od1heibiai183lrnkku,MAR vs HK ,m2u0vnxczjnj45pj6tvh6ard,2026-03-05 16:00:00+00,jdtu11rxcmifimpy3gga7wc8,zi3p0ax1sneg46qp0peqkirr,live,regular_season,0,0,regular,Quarter-finals,,,,,2026-03-05 16:01:00.132+00,2026-02-23 03:45:06.316+00,,420502,NS
cpc4glz1ys54iwu5ahpsb7li,COL vs FLO,dlcf5rmik3eugzc2yg43mcc4,2026-03-06 00:00:00+00,sc8pg4fr4jp7292tt7xibobl,f3c63n9g6lqr5hseu530syq8,finished,regular_season,4,2,regular,,,,,,2026-03-06 02:43:00.331+00,2026-02-26 19:34:16.632+00,2026-03-06 02:43:00.057+00,416593,FT
cqfqbf0a78i4bdpiphe04kqe,NEW vs CAL,dlcf5rmik3eugzc2yg43mcc4,2026-03-12 23:00:00+00,s7lg5pepsvg6nbtngnqk5u2r,y753ajioamngfwl172adzgwh,scheduled,regular_season,0,0,regular,,,,,,2026-03-02 03:45:06.263+00,2026-03-02 03:45:06.263+00,,416644,NS
cwsip4sv276bkfcpqnze0nub,SAN vs EDM,dlcf5rmik3eugzc2yg43mcc4,2026-02-28 21:00:00+00,xyrpd5kxq30yuak47rhysyue,ujfqmhronfrnl99rldwt77tw,finished,regular_season,5,4,regular,,,,,,2026-02-28 23:43:00.234+00,2026-02-26 19:34:14.435+00,2026-02-28 23:43:00.054+00,416553,FT
cxx7l874dhyxvzgx6e699k9q,MIC vs ZVO,spsevlvb34lj4i4ny3aq4odq,2026-02-20 16:30:00+00,b9c0d1e2f3g4h5i6j7k8l9m0,t9u0v1w2x3y4z5a6b7c8d9e0,finished,regular_season,4,3,regular,49. kolo,,,,,2026-02-20 18:50:00.855+00,2026-02-09 21:48:31.775+00,2026-02-20 18:50:00.045+00,419315,FT
cyjn082570ulu85n5xuzu1uq,BOS vs SAN,dlcf5rmik3eugzc2yg43mcc4,2026-03-12 23:00:00+00,tjpjzqphdmetl4xq9n4g9kkx,xyrpd5kxq30yuak47rhysyue,scheduled,regular_season,0,0,regular,,,,,,2026-03-02 03:45:06.541+00,2026-03-02 03:45:06.541+00,,416650,NS
cz6dtk8and73wuui4a3s9e0y,PHI vs UTA,dlcf5rmik3eugzc2yg43mcc4,2026-03-06 00:00:00+00,bj9v45j33fm5cnfyxnx20qpm,e2pykmkooqocbx8fj9sjhjpl,finished,regular_season,0,3,regular,,,,,,2026-03-06 02:43:00.338+00,2026-02-26 19:34:16.665+00,2026-03-06 02:43:00.057+00,416594,FT
d48yni50y3rlh9nypsk70iw7,ST. vs NEW,dlcf5rmik3eugzc2yg43mcc4,2026-03-10 23:30:00+00,aad0z87u1lfdld9qq3syqi6q,p8qedae0rtpzt0m28xzrgdev,scheduled,regular_season,0,0,regular,,,,,,2026-02-26 19:34:19.025+00,2026-02-26 19:34:19.025+00,,416636,NS
decspb50trdr8mligdkcobau,NEW vs NEW,dlcf5rmik3eugzc2yg43mcc4,2026-03-07 20:00:00+00,s7lg5pepsvg6nbtngnqk5u2r,wb9q96wax09c9oxlsnjgrkf0,scheduled,regular_season,0,0,regular,,,,,,2026-02-26 19:34:17.443+00,2026-02-26 19:34:17.443+00,,416608,NS
df4x8opwzf1ybyusn5r3cq3v,LOS vs COL,dlcf5rmik3eugzc2yg43mcc4,2026-03-03 03:30:00+00,ntwii4nqx34dtcomyvnn3du6,vs1quxu6cr1o2b9kgwfhj2j3,finished,regular_season,2,4,regular,,,,,,2026-03-03 06:23:00.239+00,2026-02-26 19:34:15.613+00,2026-03-03 06:23:00.037+00,416575,FT
dgw4q6gu99d3edait39979ll,PIT vs BOS,dlcf5rmik3eugzc2yg43mcc4,2026-03-08 20:30:00+00,t1sa8foqm1vpug3s8pnqgzvd,tjpjzqphdmetl4xq9n4g9kkx,scheduled,regular_season,0,0,regular,,,,,,2026-02-26 19:34:18.122+00,2026-02-26 19:34:18.122+00,,416619,NS
drkr9kybfntv34qbtcvnx5dz,Sui vs Fra,nuy2mhu5y0bptjed2r4dfwtm,2026-02-12 11:10:00+00,1qaz2wsx3edc4rfv5tgb6yhn,fq521qu6u08tpdsjc6v607p5,finished,group_phase,4,0,regular,Skupina A,,A,,,2026-02-12 13:50:00.487+00,2026-01-21 20:06:56.388+00,2026-02-12 13:50:00.09+00,395357,FT
dtdprk48rl9qfm05xx6w13hg,VAN vs CAR,dlcf5rmik3eugzc2yg43mcc4,2026-03-05 03:00:00+00,livjk367dz0y9w68rfbzuj6h,s039qrr2jdxok9jo9x8dadxa,finished,regular_season,4,6,regular,,,,,,2026-03-05 05:53:00.305+00,2026-02-26 19:34:16.375+00,2026-03-05 05:53:00.043+00,416589,FT
e49bn3si7vzl9c73z2blqln3,SNV vs BBY,spsevlvb34lj4i4ny3aq4odq,2026-03-06 17:00:00+00,x1y2z3a4b5c6d7e8f9g0h1i2,h7i8j9k0l1m2n3o4p5q6r7s8,finished,regular_season,1,0,regular,53. kolo,,,,,2026-03-06 19:13:00.373+00,2026-02-23 03:45:03.182+00,2026-03-06 19:13:00.061+00,419339,FT
e84nu377oag49okma3dboaym,TOP vs POV,m2u0vnxczjnj45pj6tvh6ard,2026-02-24 17:00:00+00,e7xq9q6m6pjsfgdj3wyjb2cx,jq1j8yoccy6oord1t1vdbnzo,finished,regular_season,4,1,regular,,,,,,2026-02-24 19:23:00.584+00,2026-02-23 03:45:04.885+00,2026-02-24 19:23:00.063+00,420495,FT
e8ez7d4uuuq4dockadjrujwz,TOP vs POV,m2u0vnxczjnj45pj6tvh6ard,2026-02-23 17:00:00+00,e7xq9q6m6pjsfgdj3wyjb2cx,jq1j8yoccy6oord1t1vdbnzo,finished,regular_season,4,3,regular,,,,,,2026-02-23 19:23:00.355+00,2026-02-23 03:45:04.532+00,2026-02-23 19:23:00.056+00,420493,FT
eadtsw19h8m0c6s17dpd2zeh,COL vs CHI,dlcf5rmik3eugzc2yg43mcc4,2026-02-28 23:00:00+00,vs1quxu6cr1o2b9kgwfhj2j3,p2is50977u6818giebpc83ac,finished,regular_season,3,1,regular,,,,,,2026-03-01 01:38:00.89+00,2026-02-26 19:34:14.513+00,,416555,FT
ebww5q2pua7p0n8bnww270ls,WIN vs ST.,dlcf5rmik3eugzc2yg43mcc4,2026-03-15 19:00:00+00,kgdb17a6gfove164t2zema69,aad0z87u1lfdld9qq3syqi6q,scheduled,regular_season,0,0,regular,,,,,,2026-03-02 03:45:07.947+00,2026-03-02 03:45:07.947+00,,416674,NS
eesz7d87vno9bn2u4wi76naw,NEW vs TOR,dlcf5rmik3eugzc2yg43mcc4,2026-03-06 00:00:00+00,wb9q96wax09c9oxlsnjgrkf0,tvs3td15i2e7o7nea7wyxsv6,finished,regular_season,6,2,regular,,,,,,2026-03-06 02:53:00.271+00,2026-02-26 19:34:16.699+00,2026-03-06 02:53:00.056+00,416595,FT
ef38ctfjy5t6zasl5bjhniop,SLO vs TRN,m2u0vnxczjnj45pj6tvh6ard,2026-02-10 09:00:00+00,bim4p58po0wak6razcdl3lbu,bc1shxyiojqaokw7ssfbdecy,finished,regular_season,2,4,regular,65. kolo,,,,,2026-02-10 11:20:00.274+00,2026-02-09 20:57:13.875+00,2026-02-10 11:20:00.081+00,415486,FT
eh5tvglttv54fjaxr6u8bw16,CAR vs TAM,dlcf5rmik3eugzc2yg43mcc4,2026-02-27 00:00:00+00,s039qrr2jdxok9jo9x8dadxa,rp1izzvf46dp9hi26dpwxt9h,finished,regular_season,5,4,regular,,,,,,2026-02-28 03:40:07.502+00,2026-02-26 19:34:13.798+00,,416539,FT
ekh1ir7jh3g7lt770zezfa9j,SAN vs WIN,dlcf5rmik3eugzc2yg43mcc4,2026-03-01 21:00:00+00,xyrpd5kxq30yuak47rhysyue,kgdb17a6gfove164t2zema69,finished,regular_season,2,1,ot,,,,,,2026-03-01 23:43:00.232+00,2026-02-26 19:34:15.032+00,2026-03-01 23:43:00.055+00,416565,AOT
eodpstdo4p5zgd862r4q7jc2,BBY vs PRE,spsevlvb34lj4i4ny3aq4odq,2026-02-07 16:30:00+00,h7i8j9k0l1m2n3o4p5q6r7s8,kr5200wmyj1b6e856yeyyph5,finished,regular_season,4,1,regular,46. kolo,,,,,2026-02-07 18:59:17.524+00,2026-02-04 18:26:12.405+00,,,
euh298u7kz7l1afc97z4vpbe,PIT vs VEG,dlcf5rmik3eugzc2yg43mcc4,2026-03-01 18:00:00+00,t1sa8foqm1vpug3s8pnqgzvd,aek9kjtg9rsm1jocs2b4jb8d,finished,regular_season,5,0,regular,,,,,,2026-03-01 20:33:00.175+00,2026-02-26 19:34:14.994+00,2026-03-01 20:33:00.043+00,416564,FT
ev413l1zeas4829lexfu1pyk,UTA vs PIT,dlcf5rmik3eugzc2yg43mcc4,2026-03-15 01:00:00+00,e2pykmkooqocbx8fj9sjhjpl,t1sa8foqm1vpug3s8pnqgzvd,scheduled,regular_season,0,0,regular,,,,,,2026-03-02 03:45:07.847+00,2026-03-02 03:45:07.846+00,,416671,NS
ey8oiljjc79sycnvjj9az9u9,MON vs TOR,dlcf5rmik3eugzc2yg43mcc4,2026-03-10 23:00:00+00,bke8df06v4fmm5lkyvjddvhr,tvs3td15i2e7o7nea7wyxsv6,scheduled,regular_season,0,0,regular,,,,,,2026-02-26 19:34:18.761+00,2026-02-26 19:34:18.761+00,,416629,NS
f0crf0lfh5677xccx0libebn,MON vs SAN,dlcf5rmik3eugzc2yg43mcc4,2026-03-14 23:00:00+00,bke8df06v4fmm5lkyvjddvhr,xyrpd5kxq30yuak47rhysyue,scheduled,regular_season,0,0,regular,,,,,,2026-03-02 03:45:07.379+00,2026-03-02 03:45:07.379+00,,416665,NS
f5izpgbson71b0luemznzgdy,MIN vs PHI,dlcf5rmik3eugzc2yg43mcc4,2026-03-13 00:00:00+00,q4nlcr62ro2qwb0ycmr7rll3,bj9v45j33fm5cnfyxnx20qpm,scheduled,regular_season,0,0,regular,,,,,,2026-03-02 03:45:06.767+00,2026-03-02 03:45:06.767+00,,416652,NS
fhsauzu82czd7bzjqipiow6r,SAN vs ST.,dlcf5rmik3eugzc2yg43mcc4,2026-03-07 03:00:00+00,xyrpd5kxq30yuak47rhysyue,aad0z87u1lfdld9qq3syqi6q,finished,regular_season,2,3,ot,,,,,,2026-03-07 05:43:00.21+00,2026-02-26 19:34:17.197+00,2026-03-07 05:43:00.061+00,416605,AOT
fjbvh0wttdx6en3pm3fbhhrx,WIN vs ANA,dlcf5rmik3eugzc2yg43mcc4,2026-03-11 00:30:00+00,kgdb17a6gfove164t2zema69,gevo1m85ta8et2ydhciqdb73,scheduled,regular_season,0,0,regular,,,,,,2026-02-26 19:34:19.242+00,2026-02-26 19:34:19.242+00,,416639,NS
fjxa00w19tv3q4y38oi7qj83,POP vs LMI,spsevlvb34lj4i4ny3aq4odq,2026-03-08 16:00:00+00,v5w6x7y8z9a0b1c2d3e4f5g6,d5e6f7g8h9i0j1k2l3m4n5o6,scheduled,regular_season,0,0,regular,54. kolo,,,,,2026-02-23 03:45:04.044+00,2026-02-23 03:45:04.043+00,,419348,NS
fm41z1j4k4h8bk576euxzwdy,TEB vs HC ,m2u0vnxczjnj45pj6tvh6ard,2026-02-10 17:30:00+00,wqsxsr6pbf6frhz5hd89ouhq,ekpd3u84tk6657j1weimlb80,finished,regular_season,3,5,regular,41. kolo,,,,,2026-02-10 21:10:00.717+00,2026-02-09 20:57:14.493+00,2026-02-10 21:10:00.105+00,415512,FT
fslv2z8sw4w2nw8fkckvw8sj,HC  vs TRN,m2u0vnxczjnj45pj6tvh6ard,2026-02-20 17:00:00+00,ekpd3u84tk6657j1weimlb80,bc1shxyiojqaokw7ssfbdecy,finished,regular_season,6,3,regular,44. kolo,,,,,2026-02-20 18:50:00.85+00,2026-02-09 20:57:18.061+00,2026-02-20 18:50:00.045+00,415529,FT
ftruajlrj1n3eijefowzjxmd,SBA vs POP,spsevlvb34lj4i4ny3aq4odq,2026-03-01 15:00:00+00,f1g2h3i4j5k6l7m8n9o0p1q2,v5w6x7y8z9a0b1c2d3e4f5g6,finished,regular_season,2,3,so,52. kolo,,,,,2026-03-01 17:53:00.408+00,2026-02-16 03:45:03.368+00,2026-03-01 17:53:00.04+00,419332,AP
ftxoeigmv8upjkzqrwzcgml2,NEW vs PHI,dlcf5rmik3eugzc2yg43mcc4,2026-02-27 01:00:00+00,wb9q96wax09c9oxlsnjgrkf0,bj9v45j33fm5cnfyxnx20qpm,finished,regular_season,2,3,ot,,,,,,2026-02-28 03:40:07.669+00,2026-02-26 19:34:13.888+00,,416542,AOT
g4xtecluon7i1rtuouz1x3fb,Svk vs Nem,nuy2mhu5y0bptjed2r4dfwtm,2026-02-18 11:10:00+00,ky7x9r2m5k8l1n3p4q6s0t2v,laksjdhfgqpwoeirutyznvm1,finished,playoffs,6,2,regular,Štvrťfinále,,,,,2026-02-18 13:50:01.01+00,2026-02-17 16:53:44.463+00,2026-02-18 13:50:00.528+00,420439,FT
g77wxlz6npk0s8izvehowuai,COL vs NEW,dlcf5rmik3eugzc2yg43mcc4,2026-02-28 23:00:00+00,sc8pg4fr4jp7292tt7xibobl,p8qedae0rtpzt0m28xzrgdev,finished,regular_season,3,4,ot,,,,,,2026-03-01 01:46:00.889+00,2026-02-26 19:34:14.552+00,,416556,AOT
g7mr8fnl6g2symnha5dvlz2m,ANA vs EDM,dlcf5rmik3eugzc2yg43mcc4,2026-02-26 03:30:00+00,gevo1m85ta8et2ydhciqdb73,ujfqmhronfrnl99rldwt77tw,finished,regular_season,6,5,regular,,,,,,2026-02-26 19:43:00.251+00,2026-02-26 19:34:13.568+00,2026-02-26 19:43:00.05+00,416534,FT
gew3qgmi2qns0xrstw2jbddf,BOS vs PIT,dlcf5rmik3eugzc2yg43mcc4,2026-03-04 00:00:00+00,tjpjzqphdmetl4xq9n4g9kkx,t1sa8foqm1vpug3s8pnqgzvd,finished,regular_season,2,1,regular,,,,,,2026-03-04 02:43:01.185+00,2026-02-26 19:34:15.761+00,2026-03-04 02:43:00.895+00,416576,FT
gih1zsigwqkh90t1ig13to3p,ANA vs WIN,dlcf5rmik3eugzc2yg43mcc4,2026-02-28 03:00:00+00,gevo1m85ta8et2ydhciqdb73,kgdb17a6gfove164t2zema69,finished,regular_season,5,4,ot,,,,,,2026-02-28 16:43:00.215+00,2026-02-26 19:34:14.322+00,2026-02-28 16:43:00.049+00,416550,AOT
gj7yp81tp432bub276zwla7w,Can vs Fin,nuy2mhu5y0bptjed2r4dfwtm,2026-02-20 15:40:00+00,w2e3r4t5y6u7i8o9p0a1s2d3,q1w2e3r4t5y6u7i8o9p0a1s2,finished,playoffs,3,2,regular,Semifinále,,,,,2026-02-20 18:20:00.471+00,2026-02-19 07:22:29.324+00,2026-02-20 18:20:00.051+00,420467,FT
gkomop5oadx2gwb7lpbqp265,SBA vs BBY,spsevlvb34lj4i4ny3aq4odq,2026-02-20 17:30:00+00,f1g2h3i4j5k6l7m8n9o0p1q2,h7i8j9k0l1m2n3o4p5q6r7s8,finished,regular_season,6,3,regular,49. kolo,,,,,2026-02-20 19:00:00.675+00,2026-02-09 21:48:31.918+00,2026-02-20 19:00:00.043+00,419318,FT
gmyuxubfxbx4hbqnu7iap773,BUF vs WAS,dlcf5rmik3eugzc2yg43mcc4,2026-03-12 23:00:00+00,mxtxzdc206dy4fflnum7wlql,pffio7conwiiwoze3z4rylfr,scheduled,regular_season,0,0,regular,,,,,,2026-03-02 03:45:06.424+00,2026-03-02 03:45:06.424+00,,416647,NS
gtlrs07vk3p5ctmf5wiq3mly,MAR vs HK ,m2u0vnxczjnj45pj6tvh6ard,2026-02-18 17:00:00+00,jdtu11rxcmifimpy3gga7wc8,d8wvv5sq5t3avg2r69npe8mu,finished,regular_season,6,1,regular,43. kolo,,,,,2026-02-18 19:20:00.897+00,2026-02-09 20:57:16.928+00,2026-02-18 19:20:00.302+00,415522,FT
gwq7fm8i5gggpahakfvryz2s,UTA vs MIN,dlcf5rmik3eugzc2yg43mcc4,2026-02-28 02:00:00+00,e2pykmkooqocbx8fj9sjhjpl,q4nlcr62ro2qwb0ycmr7rll3,finished,regular_season,5,2,regular,,,,,,2026-02-28 16:43:00.201+00,2026-02-26 19:34:14.277+00,2026-02-28 16:43:00.049+00,416549,FT
h3a2gtq95is79i0j9wbflwnf,TAM vs DET,dlcf5rmik3eugzc2yg43mcc4,2026-03-12 23:00:00+00,rp1izzvf46dp9hi26dpwxt9h,vuuc9di1vy6nf1du7ed28xho,scheduled,regular_season,0,0,regular,,,,,,2026-03-02 03:45:06.383+00,2026-03-02 03:45:06.383+00,,416646,NS
h5urcbffb5x49casd6id9fc7,WAS vs UTA,dlcf5rmik3eugzc2yg43mcc4,2026-03-04 00:00:00+00,pffio7conwiiwoze3z4rylfr,e2pykmkooqocbx8fj9sjhjpl,finished,regular_season,2,3,regular,,,,,,2026-03-04 02:43:01.19+00,2026-02-26 19:34:15.893+00,2026-03-04 02:43:00.895+00,416580,FT
h9890cmxn7j73d1jzft6b0xm,SKA vs TOP,m2u0vnxczjnj45pj6tvh6ard,2026-02-13 16:30:00+00,k0vfrngpwjj4qk321hms1jvh,e7xq9q6m6pjsfgdj3wyjb2cx,finished,regular_season,2,1,ot,42. kolo,,,,,2026-02-13 18:50:00.97+00,2026-02-09 20:57:15.207+00,2026-02-13 18:50:00.078+00,415514,AOT
he1jpouz46180pqps8jg8w12,OTT vs DET,dlcf5rmik3eugzc2yg43mcc4,2026-02-27 00:00:00+00,vch78bb4gj93f5cerygi49if,vuuc9di1vy6nf1du7ed28xho,finished,regular_season,1,2,ot,,,,,,2026-02-28 03:40:07.36+00,2026-02-26 19:34:13.699+00,,416536,AOT
hgwkq5qezdnomvpq4p8xl5dx,CHI vs UTA,dlcf5rmik3eugzc2yg43mcc4,2026-03-10 00:30:00+00,p2is50977u6818giebpc83ac,e2pykmkooqocbx8fj9sjhjpl,scheduled,regular_season,0,0,regular,,,,,,2026-02-26 19:34:18.686+00,2026-02-26 19:34:18.686+00,,416627,NS
hpcumj14691eo16t87osxxu7,BUF vs TAM,dlcf5rmik3eugzc2yg43mcc4,2026-03-08 22:00:00+00,mxtxzdc206dy4fflnum7wlql,rp1izzvf46dp9hi26dpwxt9h,scheduled,regular_season,0,0,regular,,,,,,2026-02-26 19:34:18.155+00,2026-02-26 19:34:18.155+00,,416620,NS
hw7owrg5693aud72egkh7nu5,HK  vs NOV,m2u0vnxczjnj45pj6tvh6ard,2026-02-26 17:00:00+00,d8wvv5sq5t3avg2r69npe8mu,q4wa8tqs7txm6knojl3m65s2,cancelled,regular_season,0,0,regular,,,,,,2026-02-26 16:50:00.428+00,2026-02-23 03:45:05.181+00,,420497,CANC
hxsp9w0fz7ch08nb7c280sm5,SEA vs NAS,dlcf5rmik3eugzc2yg43mcc4,2026-03-11 02:00:00+00,ac89heia4wpmrxlav95g2nsi,un0pchtt2a1ol6h8irkzew9b,scheduled,regular_season,0,0,regular,,,,,,2026-02-26 19:34:19.31+00,2026-02-26 19:34:19.31+00,,416641,NS
hz36uztib88tr7w6dad48bve,ZVO vs KOS,spsevlvb34lj4i4ny3aq4odq,2026-02-22 17:00:00+00,t9u0v1w2x3y4z5a6b7c8d9e0,o8z4y5p9q2a1b3c5d7e9f0g1,finished,regular_season,4,3,ot,50. kolo,,,,,2026-02-22 19:23:00.516+00,2026-02-09 21:48:32.279+00,2026-02-22 19:23:00.053+00,419322,AOT
i4bkn24fdjoa225l31x0xx7n,SNV vs LMI,spsevlvb34lj4i4ny3aq4odq,2026-02-06 16:30:00+00,x1y2z3a4b5c6d7e8f9g0h1i2,d5e6f7g8h9i0j1k2l3m4n5o6,finished,regular_season,4,1,regular,45. kolo,,,,,2026-02-06 19:34:21.242+00,2026-02-04 18:10:21.604+00,,,
i5zhq8agbi72jkk7l6p3o5qj,KOS vs ZIL,spsevlvb34lj4i4ny3aq4odq,2026-03-06 17:00:00+00,o8z4y5p9q2a1b3c5d7e9f0g1,n1o2p3q4r5s6t7u8v9w0x1y2,finished,regular_season,4,3,so,53. kolo,,,,,2026-03-06 19:53:00.296+00,2026-02-23 03:45:02.35+00,2026-03-06 19:53:00.039+00,419337,AP
i70gxos7p6181b5joex3rvwr,Can vs USA,nuy2mhu5y0bptjed2r4dfwtm,2026-02-22 13:10:00+00,w2e3r4t5y6u7i8o9p0a1s2d3,zxcvbnm123456asdfghjkl78,finished,playoffs,1,2,ot,Finále,,,,,2026-02-22 16:26:01.717+00,2026-02-21 07:47:34.435+00,2026-02-22 16:26:00.108+00,420491,AOT
i85u1n9t3mvos8melwm7qp0z,KOS vs MIC,spsevlvb34lj4i4ny3aq4odq,2026-02-06 16:30:00+00,o8z4y5p9q2a1b3c5d7e9f0g1,b9c0d1e2f3g4h5i6j7k8l9m0,finished,regular_season,5,0,regular,45. kolo,,,,,2026-02-06 19:29:22.108+00,2026-02-04 18:11:27.638+00,,,
ibcqovb93jr5yvo6j4u8h5ig,NEW vs FLO,dlcf5rmik3eugzc2yg43mcc4,2026-03-01 23:30:00+00,p8qedae0rtpzt0m28xzrgdev,f3c63n9g6lqr5hseu530syq8,finished,regular_season,5,4,regular,,,,,,2026-03-02 02:16:00.696+00,2026-02-26 19:34:15.149+00,,416568,FT
ijbc1qcu9b8wt725i4682f1l,Swe vs Tal,nuy2mhu5y0bptjed2r4dfwtm,2026-02-11 20:10:00+00,mnbvcxzasdfghjklpoiuytre,pl0ok9ij8uh7yg6tf5rd4es3,finished,group_phase,5,2,regular,Skupina B,,B,,,2026-02-11 22:40:00.523+00,2026-01-21 20:05:18.724+00,2026-02-11 22:40:00.067+00,395359,FT
iqdqot1gckvi8b32s2lrk7z0,PIT vs NEW,dlcf5rmik3eugzc2yg43mcc4,2026-02-27 00:00:00+00,t1sa8foqm1vpug3s8pnqgzvd,s7lg5pepsvg6nbtngnqk5u2r,finished,regular_season,4,1,regular,,,,,,2026-02-28 03:40:07.311+00,2026-02-26 19:34:13.659+00,,416535,FT
ir1t4135un7spyty3lmv2azd,MON vs NEW,dlcf5rmik3eugzc2yg43mcc4,2026-02-27 00:00:00+00,bke8df06v4fmm5lkyvjddvhr,p8qedae0rtpzt0m28xzrgdev,finished,regular_season,3,4,ot,,,,,,2026-02-28 03:40:07.409+00,2026-02-26 19:34:13.732+00,,416537,AOT
ix1djq6bw3htfw2zi5rxoudo,CAL vs DAL,dlcf5rmik3eugzc2yg43mcc4,2026-03-04 02:00:00+00,y753ajioamngfwl172adzgwh,p2qpzbj4j1u09p1ou55zt0by,finished,regular_season,1,6,regular,,,,,,2026-03-04 04:43:00.302+00,2026-02-26 19:34:15.972+00,2026-03-04 04:43:00.054+00,416582,FT
j116edymx1y2dr80w89c97c5,Nem vs dan,nuy2mhu5y0bptjed2r4dfwtm,2026-02-12 20:10:00+00,laksjdhfgqpwoeirutyznvm1,mju7nhy6bgt5vfr4cde3xsw2,finished,group_phase,3,1,regular,Skupina C,,C,,,2026-02-12 22:50:00.48+00,2026-01-21 20:05:18.92+00,2026-02-12 22:50:00.084+00,395363,FT
j3zfsi1ed1swt7l1m81x18j0,ZIA vs DUB,m2u0vnxczjnj45pj6tvh6ard,2026-03-02 17:00:00+00,jnznxuqqpyu2wvrqy5uelufq,tgvgp83qdf10ohe0yy57e4iw,live,regular_season,0,0,regular,Quarter-finals,,,,,2026-03-02 17:01:00.169+00,2026-02-23 03:45:05.915+00,,420501,NS
j489519z3zf8jdi68jvnfw0a,NEW vs TOR,dlcf5rmik3eugzc2yg43mcc4,2026-03-05 00:00:00+00,s7lg5pepsvg6nbtngnqk5u2r,tvs3td15i2e7o7nea7wyxsv6,finished,regular_season,4,3,so,,,,,,2026-03-05 02:53:00.481+00,2026-02-26 19:34:16.34+00,2026-03-05 02:53:00.069+00,416588,AP
j7ag4iucumarpwuwp4l87mgr,ST. vs EDM,dlcf5rmik3eugzc2yg43mcc4,2026-03-14 00:00:00+00,aad0z87u1lfdld9qq3syqi6q,ujfqmhronfrnl99rldwt77tw,scheduled,regular_season,0,0,regular,,,,,,2026-03-02 03:45:07.15+00,2026-03-02 03:45:07.15+00,,416659,NS
j88rnbn7i1ww7u9wdd6mn2mv,PHI vs BOS,dlcf5rmik3eugzc2yg43mcc4,2026-02-28 20:00:00+00,bj9v45j33fm5cnfyxnx20qpm,tjpjzqphdmetl4xq9n4g9kkx,finished,regular_season,3,1,regular,,,,,,2026-02-28 23:03:00.356+00,2026-02-26 19:34:14.396+00,2026-02-28 23:03:00.13+00,416552,FT
j8fslbkg7y0zfww4gvykqlhm,TOR vs TAM,dlcf5rmik3eugzc2yg43mcc4,2026-03-08 00:00:00+00,tvs3td15i2e7o7nea7wyxsv6,rp1izzvf46dp9hi26dpwxt9h,scheduled,regular_season,0,0,regular,,,,,,2026-02-26 19:34:17.777+00,2026-02-26 19:34:17.777+00,,416611,NS
j9mk9ljm2658evfme15tgaz4,MIN vs NEW,dlcf5rmik3eugzc2yg43mcc4,2026-03-14 22:00:00+00,q4nlcr62ro2qwb0ycmr7rll3,wb9q96wax09c9oxlsnjgrkf0,scheduled,regular_season,0,0,regular,,,,,,2026-03-02 03:45:07.313+00,2026-03-02 03:45:07.313+00,,416663,NS
jec3z4yg25hqttrxpctddtz3,POP vs TRE,spsevlvb34lj4i4ny3aq4odq,2026-02-22 17:00:00+00,v5w6x7y8z9a0b1c2d3e4f5g6,r3s4t5u6v7w8x9y0z1a2b3c4,finished,regular_season,2,1,ot,50. kolo,,,,,2026-02-22 19:23:00.512+00,2026-02-09 21:48:32.163+00,2026-02-22 19:23:00.053+00,419319,AOT
jh76hgjqhci4ydig35e8mx3e,LOS vs CAL,dlcf5rmik3eugzc2yg43mcc4,2026-03-01 00:00:00+00,ntwii4nqx34dtcomyvnn3du6,y753ajioamngfwl172adzgwh,finished,regular_season,2,0,regular,,,,,,2026-03-01 02:53:00.328+00,2026-02-26 19:34:14.803+00,2026-03-01 02:53:00.149+00,416560,FT
jhtuvtidj9t3df3sr25yuw61,MAR vs HK ,m2u0vnxczjnj45pj6tvh6ard,2026-03-06 16:00:00+00,jdtu11rxcmifimpy3gga7wc8,zi3p0ax1sneg46qp0peqkirr,live,regular_season,0,0,regular,Quarter-finals,,,,,2026-03-06 16:01:00.146+00,2026-02-23 03:45:06.491+00,,420504,NS
jodvtniv21dvhndv8ouirnj1,TOP vs HK ,m2u0vnxczjnj45pj6tvh6ard,2026-02-18 17:00:00+00,e7xq9q6m6pjsfgdj3wyjb2cx,zi3p0ax1sneg46qp0peqkirr,finished,regular_season,0,2,regular,43. kolo,,,,,2026-02-18 19:20:00.891+00,2026-02-09 20:57:17.397+00,2026-02-18 19:20:00.302+00,415525,FT
jpmuoiuvpajjhweplxq0gdgv,VEG vs EDM,dlcf5rmik3eugzc2yg43mcc4,2026-03-09 01:30:00+00,aek9kjtg9rsm1jocs2b4jb8d,ujfqmhronfrnl99rldwt77tw,scheduled,regular_season,0,0,regular,,,,,,2026-02-26 19:34:18.426+00,2026-02-26 19:34:18.426+00,,416624,NS
jt0dkmgzcslj5odobtqfxeaq,ST. vs SEA,dlcf5rmik3eugzc2yg43mcc4,2026-02-27 01:00:00+00,aad0z87u1lfdld9qq3syqi6q,ac89heia4wpmrxlav95g2nsi,finished,regular_season,5,1,regular,,,,,,2026-02-28 03:40:07.72+00,2026-02-26 19:34:13.918+00,,416543,FT
jzibw71f2y8q5nmidy6d8fns,DET vs FLO,dlcf5rmik3eugzc2yg43mcc4,2026-03-07 00:00:00+00,vuuc9di1vy6nf1du7ed28xho,f3c63n9g6lqr5hseu530syq8,finished,regular_season,1,3,regular,,,,,,2026-03-07 02:53:00.185+00,2026-02-26 19:34:16.982+00,2026-03-07 02:53:00.048+00,416600,FT
k2yv14wu5w6nv5iz72gckj63,NEW vs FLO,dlcf5rmik3eugzc2yg43mcc4,2026-03-04 00:00:00+00,s7lg5pepsvg6nbtngnqk5u2r,f3c63n9g6lqr5hseu530syq8,finished,regular_season,5,1,regular,,,,,,2026-03-04 02:43:01.194+00,2026-02-26 19:34:15.858+00,2026-03-04 02:43:00.895+00,416579,FT
k37onkcvg5icmxcy36rjsdi7,Nem vs Lot,nuy2mhu5y0bptjed2r4dfwtm,2026-02-14 11:10:00+00,laksjdhfgqpwoeirutyznvm1,zaq1xsw2cde3vfr4bgt5nhy6,finished,group_phase,3,4,regular,Skupina C,,C,,,2026-02-14 14:10:00.464+00,2026-01-21 20:05:19.17+00,2026-02-14 14:10:00.048+00,395364,FT
k4dv7wf3jhl77gbqqs8t2pga,POP vs ZIL,spsevlvb34lj4i4ny3aq4odq,2026-02-15 15:00:00+00,v5w6x7y8z9a0b1c2d3e4f5g6,n1o2p3q4r5s6t7u8v9w0x1y2,finished,regular_season,4,1,regular,48. kolo,,,,,2026-02-15 17:30:01.257+00,2026-02-08 20:59:40.865+00,2026-02-15 17:30:00.821+00,419308,FT
k8a3e69n1ub4ubr5x2esntio,TRN vs DUB,m2u0vnxczjnj45pj6tvh6ard,2026-02-11 16:30:00+00,bc1shxyiojqaokw7ssfbdecy,tgvgp83qdf10ohe0yy57e4iw,finished,regular_season,3,4,regular,41. kolo,,,,,2026-02-11 19:00:00.353+00,2026-02-09 20:57:14.761+00,2026-02-11 19:00:00.057+00,415509,FT
kdve4krxbjz6rz2i04w1nvgh,WAS vs BOS,dlcf5rmik3eugzc2yg43mcc4,2026-03-14 19:00:00+00,pffio7conwiiwoze3z4rylfr,tjpjzqphdmetl4xq9n4g9kkx,scheduled,regular_season,0,0,regular,,,,,,2026-03-02 03:45:07.222+00,2026-03-02 03:45:07.222+00,,416661,NS
kmmrzfjh9ta8p5w8sk7v758t,COL vs NAS,dlcf5rmik3eugzc2yg43mcc4,2026-03-04 00:00:00+00,sc8pg4fr4jp7292tt7xibobl,un0pchtt2a1ol6h8irkzew9b,finished,regular_season,3,2,regular,,,,,,2026-03-04 02:53:00.37+00,2026-02-26 19:34:15.825+00,2026-03-04 02:53:00.055+00,416578,FT
knl9itc0kc3yvjxsluqtdutt,Svk vs Fin,nuy2mhu5y0bptjed2r4dfwtm,2026-02-21 19:40:00+00,ky7x9r2m5k8l1n3p4q6s0t2v,q1w2e3r4t5y6u7i8o9p0a1s2,finished,playoffs,1,6,regular,O 3. miesto,,,,,2026-02-21 22:00:02.253+00,2026-02-21 07:46:36.613+00,2026-02-21 22:00:00.595+00,420490,FT
kpmqcl7bwp20pc5hzrypptl8,MIN vs ST.,dlcf5rmik3eugzc2yg43mcc4,2026-03-01 22:00:00+00,q4nlcr62ro2qwb0ycmr7rll3,aad0z87u1lfdld9qq3syqi6q,finished,regular_season,1,3,regular,,,,,,2026-03-02 00:42:00.401+00,2026-02-26 19:34:15.105+00,,416567,FT
ksrl1pbh30713m0u187xkgt4,NOV vs TRN,m2u0vnxczjnj45pj6tvh6ard,2026-02-13 17:00:00+00,q4wa8tqs7txm6knojl3m65s2,bc1shxyiojqaokw7ssfbdecy,finished,regular_season,8,5,regular,42. kolo,,,,,2026-02-13 21:00:00.823+00,2026-02-09 20:57:15.317+00,2026-02-13 21:00:00.047+00,415515,FT
l37cjezblx04z70ct4fzf2jc,BBY vs LMI,spsevlvb34lj4i4ny3aq4odq,2026-02-22 17:00:00+00,h7i8j9k0l1m2n3o4p5q6r7s8,d5e6f7g8h9i0j1k2l3m4n5o6,finished,regular_season,3,2,regular,50. kolo,,,,,2026-02-22 19:33:00.319+00,2026-02-09 21:48:32.206+00,2026-02-22 19:33:00.062+00,419321,FT
lfsns2v87yc43eyqnajvudwi,BUF vs VEG,dlcf5rmik3eugzc2yg43mcc4,2026-03-04 00:00:00+00,mxtxzdc206dy4fflnum7wlql,aek9kjtg9rsm1jocs2b4jb8d,finished,regular_season,3,2,regular,,,,,,2026-03-04 02:53:00.363+00,2026-02-26 19:34:15.793+00,2026-03-04 02:53:00.055+00,416577,FT
liwbf77exjp0xhovqgxajwai,BBY vs NIT,spsevlvb34lj4i4ny3aq4odq,2026-03-08 16:00:00+00,h7i8j9k0l1m2n3o4p5q6r7s8,j3k4l5m6n7o8p9q0r1s2t3u4,scheduled,regular_season,0,0,regular,54. kolo,,,,,2026-02-23 03:45:04.255+00,2026-02-23 03:45:04.255+00,,419351,NS
lkkf0pniohygx7qj4ripz5wg,ZIA vs POV,m2u0vnxczjnj45pj6tvh6ard,2026-02-13 17:00:00+00,jnznxuqqpyu2wvrqy5uelufq,jq1j8yoccy6oord1t1vdbnzo,finished,regular_season,1,2,so,42. kolo,,,,,2026-02-13 21:00:00.812+00,2026-02-09 20:57:15.427+00,2026-02-13 21:00:00.047+00,415516,AP
lu6g9slcpnl3ck8im87g2mlo,ZIA vs DUB,m2u0vnxczjnj45pj6tvh6ard,2026-03-01 16:00:00+00,jnznxuqqpyu2wvrqy5uelufq,tgvgp83qdf10ohe0yy57e4iw,live,regular_season,0,0,regular,Quarter-finals,,,,,2026-03-01 16:01:00.236+00,2026-02-23 03:45:05.706+00,,420499,NS
lww0afi3ldbrse6pmj6jmmwf,UTA vs CHI,dlcf5rmik3eugzc2yg43mcc4,2026-03-13 01:00:00+00,e2pykmkooqocbx8fj9sjhjpl,p2is50977u6818giebpc83ac,scheduled,regular_season,0,0,regular,,,,,,2026-03-02 03:45:06.836+00,2026-03-02 03:45:06.836+00,,416654,NS
lyub55al91kdojzlsq4rdgfm,FLO vs DET,dlcf5rmik3eugzc2yg43mcc4,2026-03-10 23:00:00+00,f3c63n9g6lqr5hseu530syq8,vuuc9di1vy6nf1du7ed28xho,scheduled,regular_season,0,0,regular,,,,,,2026-02-26 19:34:18.876+00,2026-02-26 19:34:18.876+00,,416632,NS
mbgmnpiqlpaeik9jk3lj5jw2,HC  vs MAR,m2u0vnxczjnj45pj6tvh6ard,2026-02-13 17:00:00+00,ekpd3u84tk6657j1weimlb80,jdtu11rxcmifimpy3gga7wc8,finished,regular_season,3,1,regular,42. kolo,,,,,2026-02-13 21:00:00.825+00,2026-02-09 20:57:15.559+00,2026-02-13 21:00:00.047+00,415517,FT
mjoorcng2hw0n5xfqpji3bho,SAN vs CAL,dlcf5rmik3eugzc2yg43mcc4,2026-02-27 03:00:00+00,xyrpd5kxq30yuak47rhysyue,y753ajioamngfwl172adzgwh,finished,regular_season,1,4,regular,,,,,,2026-02-28 03:40:07.836+00,2026-02-26 19:34:13.992+00,,416545,FT
mjvqbeop6jrlb72g2njamwiu,USA vs Swe,nuy2mhu5y0bptjed2r4dfwtm,2026-02-18 20:10:00+00,zxcvbnm123456asdfghjkl78,mnbvcxzasdfghjklpoiuytre,finished,playoffs,2,1,ot,Štvrťfinále,,,,,2026-02-18 22:50:00.577+00,2026-02-18 05:03:03.09+00,2026-02-18 22:50:00.072+00,420442,AOT
ml2q5bw4x367d3e9sgmjutjj,UTA vs COL,dlcf5rmik3eugzc2yg43mcc4,2026-02-26 02:00:00+00,e2pykmkooqocbx8fj9sjhjpl,vs1quxu6cr1o2b9kgwfhj2j3,finished,regular_season,2,4,regular,,,,,,2026-02-26 19:43:00.302+00,2026-02-26 19:34:13.479+00,2026-02-26 19:43:00.05+00,416531,FT
mrdq1jhvif4ritb0ao95esiu,Fin vs Sui,nuy2mhu5y0bptjed2r4dfwtm,2026-02-18 17:10:00+00,q1w2e3r4t5y6u7i8o9p0a1s2,1qaz2wsx3edc4rfv5tgb6yhn,finished,playoffs,3,2,ot,Stvrťfinále,,,,,2026-02-18 19:50:00.619+00,2026-02-17 16:54:36.716+00,2026-02-18 19:50:00.045+00,420441,AOT
mvmpj1qphdxp821blpi6r0ja,NEW vs COL,dlcf5rmik3eugzc2yg43mcc4,2026-03-03 00:00:00+00,wb9q96wax09c9oxlsnjgrkf0,sc8pg4fr4jp7292tt7xibobl,finished,regular_season,4,5,ot,,,,,,2026-03-03 02:53:00.2+00,2026-02-26 19:34:15.485+00,2026-03-03 02:53:00.042+00,416570,AOT
mwzny62dpy7dh0lvdbfsl4xf,MIN vs TOR,dlcf5rmik3eugzc2yg43mcc4,2026-03-15 23:30:00+00,q4nlcr62ro2qwb0ycmr7rll3,tvs3td15i2e7o7nea7wyxsv6,scheduled,regular_season,0,0,regular,,,,,,2026-03-02 03:45:08.058+00,2026-03-02 03:45:08.057+00,,416677,NS
mxc2j5oasjphup145haqpyla,WIN vs TAM,dlcf5rmik3eugzc2yg43mcc4,2026-03-06 01:00:00+00,kgdb17a6gfove164t2zema69,rp1izzvf46dp9hi26dpwxt9h,finished,regular_season,4,1,regular,,,,,,2026-03-06 03:53:00.406+00,2026-02-26 19:34:16.759+00,2026-03-06 03:53:00.049+00,416597,FT
mxj5p2g8foumwlyn5ehdsm2z,Can vs Cze,nuy2mhu5y0bptjed2r4dfwtm,2026-02-18 15:40:00+00,w2e3r4t5y6u7i8o9p0a1s2d3,j4h5g6f7d8s9a0p1o2i3u4y5,finished,playoffs,4,3,ot,Štvrťfinále,,,,,2026-02-18 18:20:00.529+00,2026-02-17 18:39:43.052+00,2026-02-18 18:20:00.064+00,420440,AOT
n0tzy5j6i8ux8vlk3py2xp1b,BBY vs KOS,spsevlvb34lj4i4ny3aq4odq,2026-03-01 15:30:00+00,h7i8j9k0l1m2n3o4p5q6r7s8,o8z4y5p9q2a1b3c5d7e9f0g1,finished,regular_season,0,2,regular,52. kolo,,,,,2026-03-01 17:53:00.416+00,2026-02-16 03:45:03.413+00,2026-03-01 17:53:00.04+00,419334,FT
n2ow16pj71o7ccwwld1ygn6d,COL vs EDM,dlcf5rmik3eugzc2yg43mcc4,2026-03-11 02:00:00+00,vs1quxu6cr1o2b9kgwfhj2j3,ujfqmhronfrnl99rldwt77tw,scheduled,regular_season,0,0,regular,,,,,,2026-02-26 19:34:19.274+00,2026-02-26 19:34:19.274+00,,416640,NS
n37zpk0dkpqovt4r7c732f0s,DAL vs EDM,dlcf5rmik3eugzc2yg43mcc4,2026-03-13 00:00:00+00,p2qpzbj4j1u09p1ou55zt0by,ujfqmhronfrnl99rldwt77tw,scheduled,regular_season,0,0,regular,,,,,,2026-03-02 03:45:06.727+00,2026-03-02 03:45:06.727+00,,416651,NS
n3nj59nibds16lox14r5fwm3,SAN vs NEW,dlcf5rmik3eugzc2yg43mcc4,2026-03-08 03:00:00+00,xyrpd5kxq30yuak47rhysyue,p8qedae0rtpzt0m28xzrgdev,scheduled,regular_season,0,0,regular,,,,,,2026-02-26 19:34:17.994+00,2026-02-26 19:34:17.994+00,,416616,NS
n6z2k24vcgh24u6n374z2m13,HK  vs SKA,m2u0vnxczjnj45pj6tvh6ard,2026-02-10 17:00:00+00,zi3p0ax1sneg46qp0peqkirr,k0vfrngpwjj4qk321hms1jvh,finished,regular_season,4,1,regular,41. kolo,,,,,2026-02-10 19:50:00.294+00,2026-02-09 20:57:14.269+00,2026-02-10 19:50:00.09+00,415510,FT
nd63811s2ieo75apuo2qsoh1,DUB vs HK ,m2u0vnxczjnj45pj6tvh6ard,2026-02-13 17:00:00+00,tgvgp83qdf10ohe0yy57e4iw,zi3p0ax1sneg46qp0peqkirr,finished,regular_season,5,6,ot,42. kolo,,,,,2026-02-13 21:00:00.8+00,2026-02-09 20:57:15.796+00,2026-02-13 21:00:00.047+00,415519,AOT
nhf7qy19xa7qpkms2z6ij0sg,COL vs MIN,dlcf5rmik3eugzc2yg43mcc4,2026-03-08 18:00:00+00,vs1quxu6cr1o2b9kgwfhj2j3,q4nlcr62ro2qwb0ycmr7rll3,scheduled,regular_season,0,0,regular,,,,,,2026-02-26 19:34:18.083+00,2026-02-26 19:34:18.083+00,,416618,NS
nnc9rwaec97d9kpszpzt2bz7,WIN vs CHI,dlcf5rmik3eugzc2yg43mcc4,2026-03-04 01:00:00+00,kgdb17a6gfove164t2zema69,p2is50977u6818giebpc83ac,finished,regular_season,3,2,ot,,,,,,2026-03-04 03:53:00.209+00,2026-02-26 19:34:15.932+00,2026-03-04 03:53:00.043+00,416581,AOT
nrka0wbgpahglq3m5j6owh38,SBA vs NIT,spsevlvb34lj4i4ny3aq4odq,2026-02-06 17:30:00+00,f1g2h3i4j5k6l7m8n9o0p1q2,j3k4l5m6n7o8p9q0r1s2t3u4,finished,regular_season,1,4,regular,45. kolo,,,,,2026-02-06 20:16:01.795+00,2026-02-04 18:09:43.534+00,,,
nteg68d90h024r7b45a3q2w3,VAN vs WIN,dlcf5rmik3eugzc2yg43mcc4,2026-02-26 03:00:00+00,livjk367dz0y9w68rfbzuj6h,kgdb17a6gfove164t2zema69,finished,regular_season,2,3,ot,,,,,,2026-02-26 19:43:00.253+00,2026-02-26 19:34:13.537+00,2026-02-26 19:43:00.05+00,416533,AOT
nu8qhg6c18stb030v2np1puz,TAM vs CAR,dlcf5rmik3eugzc2yg43mcc4,2026-03-14 23:00:00+00,rp1izzvf46dp9hi26dpwxt9h,s039qrr2jdxok9jo9x8dadxa,scheduled,regular_season,0,0,regular,,,,,,2026-03-02 03:45:07.513+00,2026-03-02 03:45:07.513+00,,416668,NS
nud1wgf0luckmzzspmf97d6v,COL vs LOS,dlcf5rmik3eugzc2yg43mcc4,2026-03-09 20:00:00+00,sc8pg4fr4jp7292tt7xibobl,ntwii4nqx34dtcomyvnn3du6,scheduled,regular_season,0,0,regular,,,,,,2026-02-26 19:34:18.463+00,2026-02-26 19:34:18.463+00,,416442,NS
ny9pmikadyq0otgkym3oultg,WAS vs CAL,dlcf5rmik3eugzc2yg43mcc4,2026-03-09 23:00:00+00,pffio7conwiiwoze3z4rylfr,y753ajioamngfwl172adzgwh,scheduled,regular_season,0,0,regular,,,,,,2026-02-26 19:34:18.534+00,2026-02-26 19:34:18.534+00,,416626,NS
o16bubjxu0wutkqfgor0d2ye,HK  vs POV,m2u0vnxczjnj45pj6tvh6ard,2026-02-20 17:00:00+00,d8wvv5sq5t3avg2r69npe8mu,jq1j8yoccy6oord1t1vdbnzo,finished,regular_season,5,3,regular,44. kolo,,,,,2026-02-20 18:50:00.902+00,2026-02-09 20:57:18.169+00,2026-02-20 18:50:00.045+00,415530,FT
o1antbyvn7h2rxh7av9blurg,CAR vs DET,dlcf5rmik3eugzc2yg43mcc4,2026-03-01 00:00:00+00,s039qrr2jdxok9jo9x8dadxa,vuuc9di1vy6nf1du7ed28xho,finished,regular_season,5,2,regular,,,,,,2026-03-01 02:43:00.185+00,2026-02-26 19:34:14.839+00,2026-03-01 02:43:00.045+00,416561,FT
o4uxw16m30mut2lw9pbtm6be,SBA vs MIC,spsevlvb34lj4i4ny3aq4odq,2026-03-08 16:00:00+00,f1g2h3i4j5k6l7m8n9o0p1q2,b9c0d1e2f3g4h5i6j7k8l9m0,scheduled,regular_season,0,0,regular,54. kolo,,,,,2026-02-23 03:45:04.183+00,2026-02-23 03:45:04.183+00,,419350,NS
o739wclonmx1t40ot97s8spl,ANA vs COL,dlcf5rmik3eugzc2yg43mcc4,2026-03-04 03:00:00+00,gevo1m85ta8et2ydhciqdb73,vs1quxu6cr1o2b9kgwfhj2j3,finished,regular_season,1,5,regular,,,,,,2026-03-04 05:43:00.21+00,2026-02-26 19:34:16.109+00,2026-03-04 05:43:00.048+00,416585,FT
obpmix9giudpo47gvlfd0apx,ST. vs NEW,dlcf5rmik3eugzc2yg43mcc4,2026-02-28 22:00:00+00,aad0z87u1lfdld9qq3syqi6q,s7lg5pepsvg6nbtngnqk5u2r,finished,regular_season,1,3,regular,,,,,,2026-03-01 00:36:00.549+00,2026-02-26 19:34:14.48+00,,416554,FT
ofe4o1splqt0uo26xhvsp4ui,VAN vs DAL,dlcf5rmik3eugzc2yg43mcc4,2026-03-03 03:00:00+00,livjk367dz0y9w68rfbzuj6h,p2qpzbj4j1u09p1ou55zt0by,finished,regular_season,1,6,regular,,,,,,2026-03-03 05:43:00.216+00,2026-02-26 19:34:15.581+00,2026-03-03 05:43:00.035+00,416574,FT
ogszngwepxvnd07n9k5t3anu,CAL vs CAR,dlcf5rmik3eugzc2yg43mcc4,2026-03-08 03:00:00+00,y753ajioamngfwl172adzgwh,s039qrr2jdxok9jo9x8dadxa,scheduled,regular_season,0,0,regular,,,,,,2026-02-26 19:34:17.944+00,2026-02-26 19:34:17.944+00,,416615,NS
oi0cmf68hucyfag2waeg8fg8,ZIL vs BBY,spsevlvb34lj4i4ny3aq4odq,2026-02-13 16:30:00+00,n1o2p3q4r5s6t7u8v9w0x1y2,h7i8j9k0l1m2n3o4p5q6r7s8,finished,regular_season,5,1,regular,47. kolo,,,,,2026-02-13 18:50:00.971+00,2026-02-04 20:24:18.579+00,2026-02-13 18:50:00.078+00,419302,FT
omr9pun1d9msmezj58dm3b4j,SEA vs VAN,dlcf5rmik3eugzc2yg43mcc4,2026-03-01 03:00:00+00,ac89heia4wpmrxlav95g2nsi,livjk367dz0y9w68rfbzuj6h,finished,regular_season,5,1,regular,,,,,,2026-03-01 05:43:00.201+00,2026-02-26 19:34:14.952+00,2026-03-01 05:43:00.045+00,416563,FT
onrmmewe5pxnhajohgmffzvq,Svk vs Fin,nuy2mhu5y0bptjed2r4dfwtm,2026-02-11 15:40:00+00,ky7x9r2m5k8l1n3p4q6s0t2v,q1w2e3r4t5y6u7i8o9p0a1s2,finished,group_phase,4,1,regular,Skupina B,,B,,,2026-02-11 18:20:00.614+00,2026-01-21 20:05:18.664+00,2026-02-11 18:20:00.096+00,395366,FT
onwld8n824y4v83kgpt5dbky,POV vs HC ,m2u0vnxczjnj45pj6tvh6ard,2026-02-18 17:00:00+00,jq1j8yoccy6oord1t1vdbnzo,ekpd3u84tk6657j1weimlb80,finished,regular_season,3,5,regular,43. kolo,,,,,2026-02-18 19:20:00.843+00,2026-02-09 20:57:17.042+00,2026-02-18 19:20:00.302+00,415523,FT
oomdd3of5u88f9dvqc2xn7ye,TOR vs OTT,dlcf5rmik3eugzc2yg43mcc4,2026-03-01 00:00:00+00,tvs3td15i2e7o7nea7wyxsv6,vch78bb4gj93f5cerygi49if,finished,regular_season,2,5,regular,,,,,,2026-03-01 02:53:00.326+00,2026-02-26 19:34:14.7+00,2026-03-01 02:53:00.149+00,416557,FT
p27hd9yehhvbtushtkqdoa0t,ZVO vs NIT,spsevlvb34lj4i4ny3aq4odq,2026-03-01 16:00:00+00,t9u0v1w2x3y4z5a6b7c8d9e0,j3k4l5m6n7o8p9q0r1s2t3u4,finished,regular_season,5,4,ot,52. kolo,,,,,2026-03-01 18:33:00.473+00,2026-02-16 03:45:03.535+00,2026-03-01 18:33:00.052+00,419336,AOT
p2utlkrh8i46ysew6f4a3wof,NIT vs PRE,spsevlvb34lj4i4ny3aq4odq,2026-03-06 17:00:00+00,j3k4l5m6n7o8p9q0r1s2t3u4,kr5200wmyj1b6e856yeyyph5,finished,regular_season,8,6,regular,53. kolo,,,,,2026-03-06 19:33:00.509+00,2026-02-23 03:45:03.487+00,2026-03-06 19:33:00.058+00,419341,FT
p4b500ws5lh1gjkcgtlwqeyh,NEW vs DET,dlcf5rmik3eugzc2yg43mcc4,2026-03-08 23:00:00+00,s7lg5pepsvg6nbtngnqk5u2r,vuuc9di1vy6nf1du7ed28xho,scheduled,regular_season,0,0,regular,,,,,,2026-02-26 19:34:18.238+00,2026-02-26 19:34:18.238+00,,416622,NS
p4h29wnirmh4c2ydbmup35pc,WAS vs VEG,dlcf5rmik3eugzc2yg43mcc4,2026-02-28 00:00:00+00,pffio7conwiiwoze3z4rylfr,aek9kjtg9rsm1jocs2b4jb8d,finished,regular_season,3,2,regular,,,,,,2026-02-28 16:36:01.758+00,2026-02-26 19:34:14.231+00,2026-02-28 16:36:01.126+00,416548,FT
p59k2xvzkhde416tyidnidkj,MON vs ANA,dlcf5rmik3eugzc2yg43mcc4,2026-03-15 23:00:00+00,bke8df06v4fmm5lkyvjddvhr,gevo1m85ta8et2ydhciqdb73,scheduled,regular_season,0,0,regular,,,,,,2026-03-02 03:45:08.021+00,2026-03-02 03:45:08.021+00,,416676,NS
p5i3s6h56be79ojj2amtt0cu,NIT vs SNV,spsevlvb34lj4i4ny3aq4odq,2026-02-22 17:00:00+00,j3k4l5m6n7o8p9q0r1s2t3u4,x1y2z3a4b5c6d7e8f9g0h1i2,finished,regular_season,5,3,regular,50. kolo,,,,,2026-02-22 19:23:00.523+00,2026-02-09 21:48:32.313+00,2026-02-22 19:23:00.053+00,419324,FT
p5szaaqphq9565282n03o0zj,NEW vs CAL,dlcf5rmik3eugzc2yg43mcc4,2026-03-14 23:00:00+00,p8qedae0rtpzt0m28xzrgdev,y753ajioamngfwl172adzgwh,scheduled,regular_season,0,0,regular,,,,,,2026-03-02 03:45:07.449+00,2026-03-02 03:45:07.449+00,,416667,NS
p912n0ycdq3sgria5okbf2v5,EDM vs CAR,dlcf5rmik3eugzc2yg43mcc4,2026-03-07 02:00:00+00,ujfqmhronfrnl99rldwt77tw,s039qrr2jdxok9jo9x8dadxa,finished,regular_season,3,6,regular,,,,,,2026-03-07 04:33:00.414+00,2026-02-26 19:34:17.081+00,2026-03-07 04:33:00.057+00,416603,FT
pau7qpypcsf3mumz79ykdymq,MIC vs TRE,spsevlvb34lj4i4ny3aq4odq,2026-03-06 17:00:00+00,b9c0d1e2f3g4h5i6j7k8l9m0,r3s4t5u6v7w8x9y0z1a2b3c4,finished,regular_season,2,6,regular,53. kolo,,,,,2026-03-06 19:33:00.515+00,2026-02-23 03:45:02.758+00,2026-03-06 19:33:00.058+00,419338,FT
pd0vckgabqzakktcbl8vk9nl,LMI vs ZIL,spsevlvb34lj4i4ny3aq4odq,2026-02-27 17:00:00+00,d5e6f7g8h9i0j1k2l3m4n5o6,n1o2p3q4r5s6t7u8v9w0x1y2,finished,regular_season,2,0,regular,51. kolo,,,,,2026-02-28 03:40:08.15+00,2026-02-16 03:45:02.804+00,,419327,FT
pgot3phx4gp49o5kohl4noua,NAS vs DET,dlcf5rmik3eugzc2yg43mcc4,2026-03-02 19:00:00+00,un0pchtt2a1ol6h8irkzew9b,vuuc9di1vy6nf1du7ed28xho,finished,regular_season,2,4,regular,,,,,,2026-03-02 21:53:00.2+00,2026-02-26 19:34:15.337+00,2026-03-02 21:53:00.063+00,416572,FT
pht6z45j4b7nk950e4t8wlvg,Sui vs Tal,nuy2mhu5y0bptjed2r4dfwtm,2026-02-17 11:10:00+00,1qaz2wsx3edc4rfv5tgb6yhn,pl0ok9ij8uh7yg6tf5rd4es3,finished,playoffs,3,0,regular,Play-off,,,,,2026-02-17 13:40:01.499+00,2026-02-16 11:10:39.597+00,2026-02-17 13:40:00.894+00,420429,FT
pmxa14wzbpztbondcxbevy0n,COL vs MIN,dlcf5rmik3eugzc2yg43mcc4,2026-02-27 02:00:00+00,vs1quxu6cr1o2b9kgwfhj2j3,q4nlcr62ro2qwb0ycmr7rll3,finished,regular_season,2,5,regular,,,,,,2026-02-28 03:40:07.776+00,2026-02-26 19:34:13.951+00,,416544,FT
pnj12mltx6nx3z91ytbk0dye,ANA vs CAL,dlcf5rmik3eugzc2yg43mcc4,2026-03-02 01:00:00+00,gevo1m85ta8et2ydhciqdb73,y753ajioamngfwl172adzgwh,finished,regular_season,3,2,so,,,,,,2026-03-02 04:13:00.197+00,2026-02-26 19:34:15.3+00,2026-03-02 04:13:00.042+00,416569,AP
ppdfr6d5adhr4iontowc1w8j,VEG vs CHI,dlcf5rmik3eugzc2yg43mcc4,2026-03-15 02:00:00+00,aek9kjtg9rsm1jocs2b4jb8d,p2is50977u6818giebpc83ac,scheduled,regular_season,0,0,regular,,,,,,2026-03-02 03:45:07.912+00,2026-03-02 03:45:07.912+00,,416673,NS
ptd9yarwrse0jcrun3jbvk06,VAN vs OTT,dlcf5rmik3eugzc2yg43mcc4,2026-03-10 01:00:00+00,livjk367dz0y9w68rfbzuj6h,vch78bb4gj93f5cerygi49if,scheduled,regular_season,0,0,regular,,,,,,2026-02-26 19:34:18.726+00,2026-02-26 19:34:18.725+00,,416628,NS
q0fgon27ctt7xapqcofu38ag,KOS vs NIT,spsevlvb34lj4i4ny3aq4odq,2026-02-20 16:30:00+00,o8z4y5p9q2a1b3c5d7e9f0g1,j3k4l5m6n7o8p9q0r1s2t3u4,finished,regular_season,2,4,regular,49. kolo,,,,,2026-02-20 19:00:00.641+00,2026-02-09 21:48:31.72+00,2026-02-20 19:00:00.043+00,419314,FT
q2m0d2d1hsbydr6y9m9wk018,CAR vs PIT,dlcf5rmik3eugzc2yg43mcc4,2026-03-10 23:00:00+00,s039qrr2jdxok9jo9x8dadxa,t1sa8foqm1vpug3s8pnqgzvd,scheduled,regular_season,0,0,regular,,,,,,2026-02-26 19:34:18.987+00,2026-02-26 19:34:18.987+00,,416635,NS
q7anbm8s1qhsno6plwreh3i2,TAM vs COL,dlcf5rmik3eugzc2yg43mcc4,2026-03-10 23:00:00+00,rp1izzvf46dp9hi26dpwxt9h,sc8pg4fr4jp7292tt7xibobl,scheduled,regular_season,0,0,regular,,,,,,2026-02-26 19:34:18.831+00,2026-02-26 19:34:18.831+00,,416631,NS
q9s7xr9ddma677faa1yp6vor,ZIA vs NOV,m2u0vnxczjnj45pj6tvh6ard,2026-02-20 17:00:00+00,jnznxuqqpyu2wvrqy5uelufq,q4wa8tqs7txm6knojl3m65s2,finished,regular_season,2,4,regular,44. kolo,,,,,2026-02-20 19:10:00.612+00,2026-02-09 20:57:18.387+00,2026-02-20 19:10:00.041+00,415532,FT
qa71ank1733hyb5pcz5xpzlm,Cze vs dan,nuy2mhu5y0bptjed2r4dfwtm,2026-02-17 15:40:00+00,j4h5g6f7d8s9a0p1o2i3u4y5,mju7nhy6bgt5vfr4cde3xsw2,finished,playoffs,3,2,regular,Play-off,,,,,2026-02-17 18:10:00.529+00,2026-02-16 11:11:37.264+00,2026-02-17 18:10:00.051+00,420430,FT
qan0rjtlz5z5jd2oen4zbl1b,PRE vs ZVO,spsevlvb34lj4i4ny3aq4odq,2026-03-08 16:00:00+00,kr5200wmyj1b6e856yeyyph5,t9u0v1w2x3y4z5a6b7c8d9e0,scheduled,regular_season,0,0,regular,54. kolo,,,,,2026-02-23 03:45:04.118+00,2026-02-23 03:45:04.118+00,,419349,NS
qhb57k2jsl8dopofqxjqkh4n,SNV vs POP,spsevlvb34lj4i4ny3aq4odq,2026-02-20 16:30:00+00,x1y2z3a4b5c6d7e8f9g0h1i2,v5w6x7y8z9a0b1c2d3e4f5g6,finished,regular_season,3,4,ot,49. kolo,,,,,2026-02-20 19:10:00.614+00,2026-02-09 21:48:31.67+00,2026-02-20 19:10:00.041+00,419313,AOT
qtdpe3dr0mf632vcbveyfkx2,TAM vs BUF,dlcf5rmik3eugzc2yg43mcc4,2026-03-01 00:00:00+00,rp1izzvf46dp9hi26dpwxt9h,mxtxzdc206dy4fflnum7wlql,finished,regular_season,2,6,regular,,,,,,2026-03-01 03:03:00.18+00,2026-02-26 19:34:14.734+00,2026-03-01 03:03:00.041+00,416558,FT
r1hecfq9r30q8i2nggoheaia,CAR vs ST.,dlcf5rmik3eugzc2yg43mcc4,2026-03-12 23:00:00+00,s039qrr2jdxok9jo9x8dadxa,aad0z87u1lfdld9qq3syqi6q,scheduled,regular_season,0,0,regular,,,,,,2026-03-02 03:45:06.5+00,2026-03-02 03:45:06.5+00,,416649,NS
r3h3xxlukkp9co6lztb92yqe,WAS vs PHI,dlcf5rmik3eugzc2yg43mcc4,2026-02-26 00:00:00+00,pffio7conwiiwoze3z4rylfr,bj9v45j33fm5cnfyxnx20qpm,finished,regular_season,3,1,regular,,,,,,2026-02-26 19:43:00.29+00,2026-02-26 19:34:13.382+00,2026-02-26 19:43:00.05+00,416528,FT
r3wgai84b61ktrw3y6og8u2h,SBA vs SNV,spsevlvb34lj4i4ny3aq4odq,2026-02-07 15:00:00+00,f1g2h3i4j5k6l7m8n9o0p1q2,x1y2z3a4b5c6d7e8f9g0h1i2,finished,regular_season,1,2,regular,46. kolo,,,,,2026-02-07 18:08:57.707+00,2026-02-04 18:24:46.143+00,,,
r7q71964j54ugclstbgdvui6,PRE vs MIC,spsevlvb34lj4i4ny3aq4odq,2026-02-22 17:00:00+00,kr5200wmyj1b6e856yeyyph5,b9c0d1e2f3g4h5i6j7k8l9m0,finished,regular_season,2,7,regular,50. kolo,,,,,2026-02-22 19:23:00.504+00,2026-02-09 21:48:32.241+00,2026-02-22 19:23:00.053+00,419320,FT
rdndqfp60p31wuxue4kl4d64,NOV vs HK ,m2u0vnxczjnj45pj6tvh6ard,2026-02-24 17:00:00+00,q4wa8tqs7txm6knojl3m65s2,d8wvv5sq5t3avg2r69npe8mu,finished,regular_season,3,2,regular,,,,,,2026-02-24 19:23:00.626+00,2026-02-23 03:45:04.838+00,2026-02-24 19:23:00.063+00,420494,FT
rhx4dxjhcy2lxzih68mzjnzf,SKA vs MAR,m2u0vnxczjnj45pj6tvh6ard,2026-02-20 17:00:00+00,k0vfrngpwjj4qk321hms1jvh,jdtu11rxcmifimpy3gga7wc8,finished,regular_season,8,0,regular,44. kolo,,,,,2026-02-20 19:00:00.649+00,2026-02-09 20:57:18.493+00,2026-02-20 19:00:00.043+00,415533,FT
rmmaup1nyo2ojbkviddqzhh1,Swe vs Svk,nuy2mhu5y0bptjed2r4dfwtm,2026-02-14 11:10:00+00,mnbvcxzasdfghjklpoiuytre,ky7x9r2m5k8l1n3p4q6s0t2v,finished,group_phase,5,3,regular,Skupina B,,B,,,2026-02-14 14:10:00.479+00,2026-01-21 20:05:19.123+00,2026-02-14 14:10:00.048+00,395360,FT
rod0z95sc84n9sjmkhlawl2l,SEA vs OTT,dlcf5rmik3eugzc2yg43mcc4,2026-03-08 03:00:00+00,ac89heia4wpmrxlav95g2nsi,vch78bb4gj93f5cerygi49if,scheduled,regular_season,0,0,regular,,,,,,2026-02-26 19:34:18.046+00,2026-02-26 19:34:18.046+00,,416617,NS
rodcf1c5e5er1hs4l656670x,TAM vs TOR,dlcf5rmik3eugzc2yg43mcc4,2026-02-26 00:30:00+00,rp1izzvf46dp9hi26dpwxt9h,tvs3td15i2e7o7nea7wyxsv6,finished,regular_season,4,2,regular,,,,,,2026-02-26 19:43:00.257+00,2026-02-26 19:34:13.413+00,2026-02-26 19:43:00.05+00,416529,FT
rpmxef8a2llm5cckrdpun0i9,MIN vs TAM,dlcf5rmik3eugzc2yg43mcc4,2026-03-04 02:30:00+00,q4nlcr62ro2qwb0ycmr7rll3,rp1izzvf46dp9hi26dpwxt9h,finished,regular_season,5,1,regular,,,,,,2026-03-04 05:23:00.226+00,2026-02-26 19:34:16.06+00,2026-03-04 05:23:00.062+00,416584,FT
rpmxgn65b5v110vqnmuixkhm,Cze vs Can,nuy2mhu5y0bptjed2r4dfwtm,2026-02-12 15:40:00+00,j4h5g6f7d8s9a0p1o2i3u4y5,w2e3r4t5y6u7i8o9p0a1s2d3,finished,group_phase,0,5,regular,Skupina A,,A,,,2026-02-12 18:10:00.741+00,2026-01-21 20:05:18.792+00,2026-02-12 18:10:00.086+00,395370,FT
rrcei2u1bke615ofb33io98w,DUB vs ZIA,m2u0vnxczjnj45pj6tvh6ard,2026-03-06 17:00:00+00,tgvgp83qdf10ohe0yy57e4iw,jnznxuqqpyu2wvrqy5uelufq,live,regular_season,0,0,regular,Quarter-finals,,,,,2026-03-06 17:01:00.198+00,2026-02-23 03:45:06.527+00,,420505,NS
rv7u21uhvmm8wkisrce52hzw,CHI vs VAN,dlcf5rmik3eugzc2yg43mcc4,2026-03-07 01:30:00+00,p2is50977u6818giebpc83ac,livjk367dz0y9w68rfbzuj6h,finished,regular_season,3,6,regular,,,,,,2026-03-07 04:23:00.266+00,2026-02-26 19:34:17.048+00,2026-03-07 04:23:00.048+00,416602,FT
ryexs7eg88z3wrwxgfz4ukmg,NEW vs PIT,dlcf5rmik3eugzc2yg43mcc4,2026-02-28 17:30:00+00,wb9q96wax09c9oxlsnjgrkf0,t1sa8foqm1vpug3s8pnqgzvd,finished,regular_season,3,2,so,,,,,,2026-02-28 20:23:00.333+00,2026-02-26 19:34:14.356+00,2026-02-28 20:23:00.071+00,416551,AP
s16puyr5kn2oocd2mdov21za,PHI vs COL,dlcf5rmik3eugzc2yg43mcc4,2026-03-14 23:30:00+00,bj9v45j33fm5cnfyxnx20qpm,sc8pg4fr4jp7292tt7xibobl,scheduled,regular_season,0,0,regular,,,,,,2026-03-02 03:45:07.567+00,2026-03-02 03:45:07.567+00,,416669,NS
s3gnmr58jhh4hwx0fulvv0l4,PIT vs BUF,dlcf5rmik3eugzc2yg43mcc4,2026-03-06 00:00:00+00,t1sa8foqm1vpug3s8pnqgzvd,mxtxzdc206dy4fflnum7wlql,finished,regular_season,1,5,regular,,,,,,2026-03-06 02:43:00.352+00,2026-02-26 19:34:16.6+00,2026-03-06 02:43:00.057+00,416592,FT
s5m74qjupj0wpxac0jsfezjj,HK  vs TEB,m2u0vnxczjnj45pj6tvh6ard,2026-02-20 17:00:00+00,zi3p0ax1sneg46qp0peqkirr,wqsxsr6pbf6frhz5hd89ouhq,finished,regular_season,9,3,regular,44. kolo,,,,,2026-02-20 19:00:00.631+00,2026-02-09 20:57:18.275+00,2026-02-20 19:00:00.043+00,415531,FT
s7mnn5efsyun9k6ojapt0zz8,HK  vs MAR,m2u0vnxczjnj45pj6tvh6ard,2026-03-02 17:00:00+00,zi3p0ax1sneg46qp0peqkirr,jdtu11rxcmifimpy3gga7wc8,live,regular_season,0,0,regular,Quarter-finals,,,,,2026-03-02 17:01:00.185+00,2026-02-23 03:45:05.868+00,,420500,NS
s8t1evbatidpfjxm6ul4zpou,FLO vs COL,dlcf5rmik3eugzc2yg43mcc4,2026-03-12 23:00:00+00,f3c63n9g6lqr5hseu530syq8,sc8pg4fr4jp7292tt7xibobl,scheduled,regular_season,0,0,regular,,,,,,2026-03-02 03:45:06.462+00,2026-03-02 03:45:06.461+00,,416648,NS
sbqnp6l0t71o7v5tks96hmze,MIC vs POP,spsevlvb34lj4i4ny3aq4odq,2026-02-07 15:30:00+00,b9c0d1e2f3g4h5i6j7k8l9m0,v5w6x7y8z9a0b1c2d3e4f5g6,finished,regular_season,4,1,regular,46. kolo,,,,,2026-02-07 18:25:09.29+00,2026-02-04 18:23:45.709+00,,,
sdoscv2tp9ydtnkwpikxt7gk,USA vs Svk,nuy2mhu5y0bptjed2r4dfwtm,2026-02-20 20:10:00+00,zxcvbnm123456asdfghjkl78,ky7x9r2m5k8l1n3p4q6s0t2v,finished,playoffs,6,2,regular,Semifinále,,,,,2026-02-20 22:50:00.609+00,2026-02-19 07:21:40.701+00,2026-02-20 22:50:00.064+00,420468,FT
slqz508dwm9ix0i82n27mw4x,NOV vs HK ,m2u0vnxczjnj45pj6tvh6ard,2026-02-23 17:00:00+00,q4wa8tqs7txm6knojl3m65s2,d8wvv5sq5t3avg2r69npe8mu,finished,regular_season,7,4,regular,,,,,,2026-02-23 19:23:00.357+00,2026-02-23 03:45:04.47+00,2026-02-23 19:23:00.056+00,420492,FT
sn9kaf8cjvl5q3vggjmirsej,LOS vs NEW,dlcf5rmik3eugzc2yg43mcc4,2026-03-06 02:30:00+00,ntwii4nqx34dtcomyvnn3du6,p8qedae0rtpzt0m28xzrgdev,finished,regular_season,5,3,regular,,,,,,2026-03-06 05:23:00.311+00,2026-02-26 19:34:16.836+00,2026-03-06 05:23:00.046+00,416599,FT
snkwkwipssn5df2r8fwqn0j2,FLO vs BUF,dlcf5rmik3eugzc2yg43mcc4,2026-02-28 00:00:00+00,f3c63n9g6lqr5hseu530syq8,mxtxzdc206dy4fflnum7wlql,finished,regular_season,2,3,regular,,,,,,2026-02-28 16:36:01.769+00,2026-02-26 19:34:14.182+00,2026-02-28 16:36:01.126+00,416547,FT
t6rcgg24hqj7tsfa36e373qq,HC  vs TOP,m2u0vnxczjnj45pj6tvh6ard,2026-02-15 16:00:00+00,ekpd3u84tk6657j1weimlb80,e7xq9q6m6pjsfgdj3wyjb2cx,finished,regular_season,5,1,regular,40. kolo,,,,,2026-02-15 18:20:00.768+00,2026-02-09 20:57:16.244+00,2026-02-15 18:20:00.05+00,415503,FT
t75ssjn08450wh91c0nhtf9y,BBY vs TRE,spsevlvb34lj4i4ny3aq4odq,2026-02-15 15:30:00+00,h7i8j9k0l1m2n3o4p5q6r7s8,r3s4t5u6v7w8x9y0z1a2b3c4,finished,regular_season,4,1,regular,48. kolo,,,,,2026-02-15 18:00:01.356+00,2026-02-08 20:59:40.911+00,2026-02-15 18:00:00.809+00,419311,FT
t8vxysbee9n273pkgdfgjz37,SLO vs HC ,m2u0vnxczjnj45pj6tvh6ard,2026-02-17 14:30:00+00,bim4p58po0wak6razcdl3lbu,ekpd3u84tk6657j1weimlb80,finished,regular_season,2,4,regular,67. kolo,,,,,2026-02-17 16:50:00.409+00,2026-02-09 20:57:16.583+00,2026-02-17 16:50:00.043+00,415520,FT
te9el0p8xhqxvxr351g3k00g,TRN vs POV,m2u0vnxczjnj45pj6tvh6ard,2026-02-15 15:00:00+00,bc1shxyiojqaokw7ssfbdecy,jq1j8yoccy6oord1t1vdbnzo,finished,regular_season,3,0,regular,40. kolo,,,,,2026-02-15 17:20:00.438+00,2026-02-09 20:57:16.137+00,2026-02-15 17:20:00.07+00,415500,FT
tenvncs53pvtfpgw5uyvunwp,SEA vs CAR,dlcf5rmik3eugzc2yg43mcc4,2026-03-03 03:00:00+00,ac89heia4wpmrxlav95g2nsi,s039qrr2jdxok9jo9x8dadxa,finished,regular_season,2,1,regular,,,,,,2026-03-03 05:43:00.217+00,2026-02-26 19:34:15.55+00,2026-03-03 05:43:00.035+00,416573,FT
tkjsi9wkfv8od0z7rthim0wi,NOV vs DUB,m2u0vnxczjnj45pj6tvh6ard,2026-02-17 17:00:00+00,q4wa8tqs7txm6knojl3m65s2,tgvgp83qdf10ohe0yy57e4iw,finished,regular_season,4,2,regular,43. kolo,,,,,2026-02-17 19:20:00.44+00,2026-02-09 20:57:16.698+00,2026-02-17 19:20:00.05+00,415521,FT
tly0o0p5h9l6fw0cm7u07aj3,WIN vs COL,dlcf5rmik3eugzc2yg43mcc4,2026-03-14 20:00:00+00,kgdb17a6gfove164t2zema69,vs1quxu6cr1o2b9kgwfhj2j3,scheduled,regular_season,0,0,regular,,,,,,2026-03-02 03:45:07.265+00,2026-03-02 03:45:07.265+00,,416662,NS
tprc3hm9r3rthustj8bukthl,DAL vs VEG,dlcf5rmik3eugzc2yg43mcc4,2026-03-11 00:00:00+00,p2qpzbj4j1u09p1ou55zt0by,aek9kjtg9rsm1jocs2b4jb8d,scheduled,regular_season,0,0,regular,,,,,,2026-02-26 19:34:19.171+00,2026-02-26 19:34:19.171+00,,416637,NS
tskftn92mo2byihifnmiq6ou,Swe vs Lot,nuy2mhu5y0bptjed2r4dfwtm,2026-02-17 20:10:00+00,mnbvcxzasdfghjklpoiuytre,zaq1xsw2cde3vfr4bgt5nhy6,finished,playoffs,5,1,regular,Play-off,,,,,2026-02-17 22:40:00.526+00,2026-02-16 11:12:31.759+00,2026-02-17 22:40:00.044+00,420431,FT
txl5zrdf1zaj4ambb5n9lttf,ZIL vs SBA,spsevlvb34lj4i4ny3aq4odq,2026-02-22 17:00:00+00,n1o2p3q4r5s6t7u8v9w0x1y2,f1g2h3i4j5k6l7m8n9o0p1q2,finished,regular_season,3,2,ot,50. kolo,,,,,2026-02-22 19:23:00.514+00,2026-02-09 21:48:32.347+00,2026-02-22 19:23:00.053+00,419323,AOT
u1yc6hbjj774h2ju1g2tcrab,DAL vs DET,dlcf5rmik3eugzc2yg43mcc4,2026-03-15 00:00:00+00,p2qpzbj4j1u09p1ou55zt0by,vuuc9di1vy6nf1du7ed28xho,scheduled,regular_season,0,0,regular,,,,,,2026-03-02 03:45:07.811+00,2026-03-02 03:45:07.811+00,,416670,NS
u2lxs152b6a9u5srthst0c5f,TRE vs KOS,spsevlvb34lj4i4ny3aq4odq,2026-03-08 16:00:00+00,r3s4t5u6v7w8x9y0z1a2b3c4,o8z4y5p9q2a1b3c5d7e9f0g1,scheduled,regular_season,0,0,regular,54. kolo,,,,,2026-02-23 03:45:03.996+00,2026-02-23 03:45:03.996+00,,419347,NS
u46zodljqv5qqol3xyphbqyz,ZIL vs SNV,spsevlvb34lj4i4ny3aq4odq,2026-03-08 16:00:00+00,n1o2p3q4r5s6t7u8v9w0x1y2,x1y2z3a4b5c6d7e8f9g0h1i2,scheduled,regular_season,0,0,regular,54. kolo,,,,,2026-02-23 03:45:04.298+00,2026-02-23 03:45:04.298+00,,419352,NS
u9svgpbzw0evwe58iiiclmf9,UTA vs CHI,dlcf5rmik3eugzc2yg43mcc4,2026-03-01 21:00:00+00,e2pykmkooqocbx8fj9sjhjpl,p2is50977u6818giebpc83ac,finished,regular_season,0,4,regular,,,,,,2026-03-01 23:43:00.227+00,2026-02-26 19:34:15.066+00,2026-03-01 23:43:00.055+00,416566,FT
udlgvjlo41o604s4h11tqhv0,LMI vs KOS,spsevlvb34lj4i4ny3aq4odq,2026-02-07 16:00:00+00,d5e6f7g8h9i0j1k2l3m4n5o6,o8z4y5p9q2a1b3c5d7e9f0g1,finished,regular_season,3,1,regular,46. kolo,,,,,2026-02-07 18:25:38.409+00,2026-02-04 18:24:13.123+00,,,
ue8ws64pj41ssn5ylrgtbl0x,BOS vs LOS,dlcf5rmik3eugzc2yg43mcc4,2026-03-10 23:00:00+00,tjpjzqphdmetl4xq9n4g9kkx,ntwii4nqx34dtcomyvnn3du6,scheduled,regular_season,0,0,regular,,,,,,2026-02-26 19:34:18.951+00,2026-02-26 19:34:18.951+00,,416634,NS
upo0ecjexyxxedqyaumv5mp6,CAL vs OTT,dlcf5rmik3eugzc2yg43mcc4,2026-03-06 02:00:00+00,y753ajioamngfwl172adzgwh,vch78bb4gj93f5cerygi49if,finished,regular_season,1,4,regular,,,,,,2026-03-06 04:43:00.261+00,2026-02-26 19:34:16.798+00,2026-03-06 04:43:00.054+00,416598,FT
uwgo370ydtwvau24mjjt0iqs,SAN vs MON,dlcf5rmik3eugzc2yg43mcc4,2026-03-04 03:00:00+00,xyrpd5kxq30yuak47rhysyue,bke8df06v4fmm5lkyvjddvhr,finished,regular_season,7,5,regular,,,,,,2026-03-04 05:53:00.177+00,2026-02-26 19:34:16.145+00,2026-03-04 05:53:00.051+00,416586,FT
v3fwi8budtha0hzmum3jmvhi,SBA vs ZVO,spsevlvb34lj4i4ny3aq4odq,2026-02-13 17:00:00+00,f1g2h3i4j5k6l7m8n9o0p1q2,t9u0v1w2x3y4z5a6b7c8d9e0,finished,regular_season,4,3,regular,47. kolo,,,,,2026-02-13 21:00:00.837+00,2026-02-04 20:23:24.849+00,2026-02-13 21:00:00.047+00,419307,FT
v63yezlrryp9vcxuwnmucl4e,SNV vs ZVO,spsevlvb34lj4i4ny3aq4odq,2026-02-27 16:30:00+00,x1y2z3a4b5c6d7e8f9g0h1i2,t9u0v1w2x3y4z5a6b7c8d9e0,finished,regular_season,2,4,regular,51. kolo,,,,,2026-02-28 03:40:08.108+00,2026-02-16 03:45:02.762+00,,419326,FT
v7qazxrv1okl0ft9oa8s5c4m,PRE vs ZIL,spsevlvb34lj4i4ny3aq4odq,2026-02-06 17:00:00+00,kr5200wmyj1b6e856yeyyph5,n1o2p3q4r5s6t7u8v9w0x1y2,finished,regular_season,2,5,regular,45. kolo,,,,,2026-02-06 19:35:24.35+00,2026-02-04 18:22:21.768+00,,,
vdhhub1rmj1xnyq520t0ik1r,SNV vs KOS,spsevlvb34lj4i4ny3aq4odq,2026-02-15 14:00:00+00,x1y2z3a4b5c6d7e8f9g0h1i2,o8z4y5p9q2a1b3c5d7e9f0g1,finished,regular_season,6,2,regular,48. kolo,,,,,2026-02-15 16:30:00.645+00,2026-02-08 20:59:40.82+00,2026-02-15 16:30:00.297+00,419310,FT
ve7ezr3cwaki54r1vi35z7rt,OTT vs SAN,dlcf5rmik3eugzc2yg43mcc4,2026-03-15 21:00:00+00,vch78bb4gj93f5cerygi49if,xyrpd5kxq30yuak47rhysyue,scheduled,regular_season,0,0,regular,,,,,,2026-03-02 03:45:07.983+00,2026-03-02 03:45:07.983+00,,416675,NS
vhokhgz5y84kqpomrbmwnrap,EDM vs OTT,dlcf5rmik3eugzc2yg43mcc4,2026-03-04 02:00:00+00,ujfqmhronfrnl99rldwt77tw,vch78bb4gj93f5cerygi49if,finished,regular_season,5,4,ot,,,,,,2026-03-04 04:43:00.273+00,2026-02-26 19:34:16.005+00,2026-03-04 04:43:00.054+00,416583,AOT
vi9dlgh4rq62b3hzgx6pro7v,MON vs WAS,dlcf5rmik3eugzc2yg43mcc4,2026-03-01 00:00:00+00,bke8df06v4fmm5lkyvjddvhr,pffio7conwiiwoze3z4rylfr,finished,regular_season,6,2,regular,,,,,,2026-03-01 03:03:00.179+00,2026-02-26 19:34:14.769+00,2026-03-01 03:03:00.041+00,416559,FT
vjiveqcrvzva84qcnp6w3mlq,TOR vs ANA,dlcf5rmik3eugzc2yg43mcc4,2026-03-12 23:00:00+00,tvs3td15i2e7o7nea7wyxsv6,gevo1m85ta8et2ydhciqdb73,scheduled,regular_season,0,0,regular,,,,,,2026-03-02 03:45:06.343+00,2026-03-02 03:45:06.343+00,,416645,NS
vjqw6jry6h4mj1exe1vmkdh9,ZVO vs POP,spsevlvb34lj4i4ny3aq4odq,2026-03-06 17:00:00+00,t9u0v1w2x3y4z5a6b7c8d9e0,v5w6x7y8z9a0b1c2d3e4f5g6,finished,regular_season,3,4,ot,53. kolo,,,,,2026-03-06 19:33:00.51+00,2026-02-23 03:45:03.548+00,2026-03-06 19:33:00.058+00,419342,AOT
vku550p5iisgrr6ok6mo102k,MIC vs SNV,spsevlvb34lj4i4ny3aq4odq,2026-02-13 16:30:00+00,b9c0d1e2f3g4h5i6j7k8l9m0,x1y2z3a4b5c6d7e8f9g0h1i2,finished,regular_season,2,3,regular,47. kolo,,,,,2026-02-13 19:00:00.404+00,2026-02-04 20:22:34.545+00,2026-02-13 19:00:00.056+00,419303,FT
vrfbr1k8gwfpdp999di9i1op,NIT vs POP,spsevlvb34lj4i4ny3aq4odq,2026-02-27 17:00:00+00,j3k4l5m6n7o8p9q0r1s2t3u4,v5w6x7y8z9a0b1c2d3e4f5g6,finished,regular_season,3,2,so,51. kolo,,,,,2026-02-28 03:40:08.203+00,2026-02-16 03:45:02.842+00,,419328,AP
vs79l2apicmscvnd9ajondij,PHI vs WAS,dlcf5rmik3eugzc2yg43mcc4,2026-03-11 23:30:00+00,bj9v45j33fm5cnfyxnx20qpm,pffio7conwiiwoze3z4rylfr,scheduled,regular_season,0,0,regular,,,,,,2026-02-26 19:34:19.383+00,2026-02-26 19:34:19.383+00,,416643,NS
vshj3rb5nv9obly0tzrb989e,Nem vs Fra,nuy2mhu5y0bptjed2r4dfwtm,2026-02-17 11:10:00+00,laksjdhfgqpwoeirutyznvm1,fq521qu6u08tpdsjc6v607p5,finished,playoffs,5,1,regular,Play-off,,,,,2026-02-17 13:40:01.514+00,2026-02-16 11:09:26.591+00,2026-02-17 13:40:00.894+00,420428,FT
vu0dt34xaz8xsgyzqwpoj2jw,ZIL vs MIC,spsevlvb34lj4i4ny3aq4odq,2026-03-01 16:00:00+00,n1o2p3q4r5s6t7u8v9w0x1y2,b9c0d1e2f3g4h5i6j7k8l9m0,finished,regular_season,2,1,ot,52. kolo,,,,,2026-03-01 18:33:00.475+00,2026-02-16 03:45:03.494+00,2026-03-01 18:33:00.052+00,419335,AOT
vwk0em40fgp13xp2vz2122ce,BOS vs WAS,dlcf5rmik3eugzc2yg43mcc4,2026-03-07 17:30:00+00,tjpjzqphdmetl4xq9n4g9kkx,pffio7conwiiwoze3z4rylfr,scheduled,regular_season,0,0,regular,,,,,,2026-02-26 19:34:17.412+00,2026-02-26 19:34:17.412+00,,416607,NS
w043jiszt88e4jc4qs1vgn6y,WIN vs VAN,dlcf5rmik3eugzc2yg43mcc4,2026-03-08 00:00:00+00,kgdb17a6gfove164t2zema69,livjk367dz0y9w68rfbzuj6h,scheduled,regular_season,0,0,regular,,,,,,2026-02-26 19:34:17.826+00,2026-02-26 19:34:17.826+00,,416612,NS
w0eswkg3mri577pnv6lroulw,NAS vs BOS,dlcf5rmik3eugzc2yg43mcc4,2026-03-06 01:00:00+00,un0pchtt2a1ol6h8irkzew9b,tjpjzqphdmetl4xq9n4g9kkx,finished,regular_season,6,3,regular,,,,,,2026-03-06 03:53:00.38+00,2026-02-26 19:34:16.731+00,2026-03-06 03:53:00.049+00,416596,FT
w5cqisr6uzkt8rnyudex7zth,DUB vs TOP,m2u0vnxczjnj45pj6tvh6ard,2026-02-20 17:00:00+00,tgvgp83qdf10ohe0yy57e4iw,e7xq9q6m6pjsfgdj3wyjb2cx,finished,regular_season,2,1,so,44. kolo,,,,,2026-02-20 19:00:00.619+00,2026-02-09 20:57:17.955+00,2026-02-20 19:00:00.043+00,415528,AP
w7p8ja7t2kr0be4o8kitg1ba,TEB vs SKA,m2u0vnxczjnj45pj6tvh6ard,2026-02-18 17:00:00+00,wqsxsr6pbf6frhz5hd89ouhq,k0vfrngpwjj4qk321hms1jvh,finished,regular_season,2,6,regular,43. kolo,,,,,2026-02-18 19:20:00.839+00,2026-02-09 20:57:17.275+00,2026-02-18 19:20:00.302+00,415524,FT
w7shd6yf9ihrx3oe4o94rqvj,POV vs NOV,m2u0vnxczjnj45pj6tvh6ard,2026-02-10 17:00:00+00,jq1j8yoccy6oord1t1vdbnzo,q4wa8tqs7txm6knojl3m65s2,finished,regular_season,4,5,regular,41. kolo,,,,,2026-02-10 22:00:00.432+00,2026-02-09 20:57:14.038+00,2026-02-10 22:00:00.165+00,415507,FT
wb36e6lsrvp7y2aj7jx35xgo,Fin vs Swe,nuy2mhu5y0bptjed2r4dfwtm,2026-02-13 11:10:00+00,q1w2e3r4t5y6u7i8o9p0a1s2,mnbvcxzasdfghjklpoiuytre,finished,group_phase,4,1,regular,Skupina B,,B,,,2026-02-13 13:50:00.477+00,2026-01-21 20:05:19.011+00,2026-02-13 13:50:00.127+00,395367,FT
wdl22h5budbwtezmpipwmbod,VAN vs SEA,dlcf5rmik3eugzc2yg43mcc4,2026-03-15 02:00:00+00,livjk367dz0y9w68rfbzuj6h,ac89heia4wpmrxlav95g2nsi,scheduled,regular_season,0,0,regular,,,,,,2026-03-02 03:45:07.88+00,2026-03-02 03:45:07.88+00,,416672,NS
we680vqwu987r84x01i8uu7x,HK  vs TEB,m2u0vnxczjnj45pj6tvh6ard,2026-02-13 17:00:00+00,d8wvv5sq5t3avg2r69npe8mu,wqsxsr6pbf6frhz5hd89ouhq,finished,regular_season,2,3,ot,42. kolo,,,,,2026-02-13 21:00:00.805+00,2026-02-09 20:57:15.679+00,2026-02-13 21:00:00.047+00,415518,AOT
wf51ia06jlkja9pu0hdgkoj0,PRE vs SNV,spsevlvb34lj4i4ny3aq4odq,2026-03-01 16:00:00+00,kr5200wmyj1b6e856yeyyph5,x1y2z3a4b5c6d7e8f9g0h1i2,finished,regular_season,0,4,regular,52. kolo,,,,,2026-03-01 18:13:00.488+00,2026-02-16 03:45:03.456+00,2026-03-01 18:13:00.051+00,419333,FT
wgcokdgqgpgels6ocfczwhz0,SEA vs COL,dlcf5rmik3eugzc2yg43mcc4,2026-03-13 02:00:00+00,ac89heia4wpmrxlav95g2nsi,vs1quxu6cr1o2b9kgwfhj2j3,scheduled,regular_season,0,0,regular,,,,,,2026-03-02 03:45:06.869+00,2026-03-02 03:45:06.869+00,,416655,NS
wkqds4zbnmwl345r6tmzsrdw,LOS vs EDM,dlcf5rmik3eugzc2yg43mcc4,2026-02-27 03:30:00+00,ntwii4nqx34dtcomyvnn3du6,ujfqmhronfrnl99rldwt77tw,finished,regular_season,1,8,regular,,,,,,2026-02-28 03:40:07.895+00,2026-02-26 19:34:14.031+00,,416546,FT
wu5pbot3gzbdl5waao9drscl,PIT vs PHI,dlcf5rmik3eugzc2yg43mcc4,2026-03-07 22:30:00+00,t1sa8foqm1vpug3s8pnqgzvd,bj9v45j33fm5cnfyxnx20qpm,scheduled,regular_season,0,0,regular,,,,,,2026-02-26 19:34:17.615+00,2026-02-26 19:34:17.615+00,,416610,NS
wxxdflzyjoq3lyaatr8kvuhf,LMI vs PRE,spsevlvb34lj4i4ny3aq4odq,2026-02-20 17:00:00+00,d5e6f7g8h9i0j1k2l3m4n5o6,kr5200wmyj1b6e856yeyyph5,finished,regular_season,6,0,regular,49. kolo,,,,,2026-02-20 18:50:00.848+00,2026-02-09 21:48:31.872+00,2026-02-20 18:50:00.045+00,419317,FT
wzm766ssq1w32aogxx19mo0v,TRE vs ZIL,spsevlvb34lj4i4ny3aq4odq,2026-02-20 17:00:00+00,r3s4t5u6v7w8x9y0z1a2b3c4,n1o2p3q4r5s6t7u8v9w0x1y2,finished,regular_season,1,5,regular,49. kolo,,,,,2026-02-20 19:00:00.646+00,2026-02-09 21:48:31.824+00,2026-02-20 19:00:00.043+00,419316,FT
x1l637g5en4ll7ulp5m7d2vu,TOR vs PHI,dlcf5rmik3eugzc2yg43mcc4,2026-03-03 00:30:00+00,tvs3td15i2e7o7nea7wyxsv6,bj9v45j33fm5cnfyxnx20qpm,finished,regular_season,2,3,so,,,,,,2026-03-03 03:33:00.191+00,2026-02-26 19:34:15.515+00,2026-03-03 03:33:00.04+00,416571,AP
x28pws1wqvq2lr77l72ttka9,TOP vs HK ,m2u0vnxczjnj45pj6tvh6ard,2026-02-10 17:00:00+00,e7xq9q6m6pjsfgdj3wyjb2cx,d8wvv5sq5t3avg2r69npe8mu,finished,regular_season,4,2,regular,41. kolo,,,,,2026-02-10 19:43:02.09+00,2026-02-09 20:57:14.383+00,2026-02-10 19:43:01.808+00,415511,FT
x7bwbz19dl4usrkjcb7y2v44,NAS vs CHI,dlcf5rmik3eugzc2yg43mcc4,2026-02-27 01:00:00+00,un0pchtt2a1ol6h8irkzew9b,p2is50977u6818giebpc83ac,finished,regular_season,4,2,regular,,,,,,2026-02-28 03:40:07.612+00,2026-02-26 19:34:13.857+00,,416541,FT
xa09bbirrxlr6gtj4d4vq47d,SBA vs TRE,spsevlvb34lj4i4ny3aq4odq,2026-02-27 17:30:00+00,f1g2h3i4j5k6l7m8n9o0p1q2,r3s4t5u6v7w8x9y0z1a2b3c4,finished,regular_season,1,3,regular,51. kolo,,,,,2026-02-28 03:40:08.301+00,2026-02-16 03:45:02.935+00,,419330,FT
xc4ju54jtzsw2bwe7gvf1tlk,Fra vs Cze,nuy2mhu5y0bptjed2r4dfwtm,2026-02-13 15:40:00+00,fq521qu6u08tpdsjc6v607p5,j4h5g6f7d8s9a0p1o2i3u4y5,finished,group_phase,3,6,regular,Skupina A,,A,,,2026-02-13 18:10:01.391+00,2026-01-21 20:06:56.55+00,2026-02-13 18:10:00.772+00,395368,FT
xdhnsfdqvc22cvqlzdqxozjv,BOS vs COL,dlcf5rmik3eugzc2yg43mcc4,2026-02-27 00:00:00+00,tjpjzqphdmetl4xq9n4g9kkx,sc8pg4fr4jp7292tt7xibobl,finished,regular_season,4,2,regular,,,,,,2026-02-28 03:40:07.559+00,2026-02-26 19:34:13.825+00,,416540,FT
xebzwdsai06bxqqbmjpf9vi8,LOS vs VEG,dlcf5rmik3eugzc2yg43mcc4,2026-02-26 03:00:00+00,ntwii4nqx34dtcomyvnn3du6,aek9kjtg9rsm1jocs2b4jb8d,finished,regular_season,4,6,regular,,,,,,2026-02-26 19:43:00.263+00,2026-02-26 19:34:13.508+00,2026-02-26 19:43:00.05+00,416532,FT
xi8abe3m6f0fd6l7hecf9abs,LMI vs NIT,spsevlvb34lj4i4ny3aq4odq,2026-02-13 17:00:00+00,d5e6f7g8h9i0j1k2l3m4n5o6,j3k4l5m6n7o8p9q0r1s2t3u4,finished,regular_season,0,3,regular,47. kolo,,,,,2026-02-13 20:52:01.099+00,2026-02-04 20:23:00.799+00,2026-02-13 20:52:00.1+00,419305,FT
xmelv93ioc0g52ds0elc1v4r,BUF vs NAS,dlcf5rmik3eugzc2yg43mcc4,2026-03-07 22:30:00+00,mxtxzdc206dy4fflnum7wlql,un0pchtt2a1ol6h8irkzew9b,scheduled,regular_season,0,0,regular,,,,,,2026-02-26 19:34:17.509+00,2026-02-26 19:34:17.509+00,,416609,NS
xuqcck4cezz36oruasjyx0ly,WIN vs NEW,dlcf5rmik3eugzc2yg43mcc4,2026-03-13 00:00:00+00,kgdb17a6gfove164t2zema69,wb9q96wax09c9oxlsnjgrkf0,scheduled,regular_season,0,0,regular,,,,,,2026-03-02 03:45:06.802+00,2026-03-02 03:45:06.802+00,,416653,NS
y0gv4mtu8yt3en8ew9sh53m2,POP vs BBY,spsevlvb34lj4i4ny3aq4odq,2026-02-06 17:00:00+00,v5w6x7y8z9a0b1c2d3e4f5g6,h7i8j9k0l1m2n3o4p5q6r7s8,finished,regular_season,5,2,regular,45. kolo,,,,,2026-02-06 19:35:05.152+00,2026-02-04 18:08:01.974+00,,,
y5hrzost37ki83aolwqqj7g7,ZIL vs ZVO,spsevlvb34lj4i4ny3aq4odq,2026-02-08 16:00:00+00,n1o2p3q4r5s6t7u8v9w0x1y2,t9u0v1w2x3y4z5a6b7c8d9e0,finished,regular_season,4,2,regular,46. kolo,,,,,2026-02-08 18:47:09.52+00,2026-02-04 18:25:37.692+00,2026-02-08 18:47:09.237+00,419300,FT
y6j7dpy768u50jofqbv1fdll,TRE vs NIT,spsevlvb34lj4i4ny3aq4odq,2026-02-07 17:00:00+00,r3s4t5u6v7w8x9y0z1a2b3c4,j3k4l5m6n7o8p9q0r1s2t3u4,finished,regular_season,2,3,regular,46. kolo,,,,,2026-02-07 19:27:51.98+00,2026-02-04 18:25:09.399+00,,,
y7zk0ut0f4iczmhaohkrglfy,MIN vs UTA,dlcf5rmik3eugzc2yg43mcc4,2026-03-11 00:00:00+00,q4nlcr62ro2qwb0ycmr7rll3,e2pykmkooqocbx8fj9sjhjpl,scheduled,regular_season,0,0,regular,,,,,,2026-02-26 19:34:19.207+00,2026-02-26 19:34:19.207+00,,416638,NS
y8nr62ylzwo6e3k0ub94icqs,ANA vs MON,dlcf5rmik3eugzc2yg43mcc4,2026-03-07 02:00:00+00,gevo1m85ta8et2ydhciqdb73,bke8df06v4fmm5lkyvjddvhr,finished,regular_season,6,5,so,,,,,,2026-03-07 05:03:00.337+00,2026-02-26 19:34:17.115+00,2026-03-07 05:03:00.053+00,416604,AP
yhce6wsrpxzocuf59e84bc4v,ZVO vs TRE,spsevlvb34lj4i4ny3aq4odq,2026-02-06 17:00:00+00,t9u0v1w2x3y4z5a6b7c8d9e0,r3s4t5u6v7w8x9y0z1a2b3c4,finished,regular_season,7,3,regular,45. kolo,,,,,2026-02-06 19:35:56.707+00,2026-02-04 18:09:03.543+00,,,
yhxw7kxeuwrq8y8etv54vykt,LOS vs MON,dlcf5rmik3eugzc2yg43mcc4,2026-03-08 00:00:00+00,ntwii4nqx34dtcomyvnn3du6,bke8df06v4fmm5lkyvjddvhr,scheduled,regular_season,0,0,regular,,,,,,2026-02-26 19:34:17.872+00,2026-02-26 19:34:17.872+00,,416613,NS
z2kak60oa9dexynh7oxxdve8,Can vs Sui,nuy2mhu5y0bptjed2r4dfwtm,2026-02-13 20:10:00+00,w2e3r4t5y6u7i8o9p0a1s2d3,1qaz2wsx3edc4rfv5tgb6yhn,finished,group_phase,5,1,regular,Skupina A,,A,,,2026-02-13 22:50:00.633+00,2026-01-21 20:05:19.073+00,2026-02-13 22:50:00.063+00,395362,FT
z6x6unywsn2anhi23ehd61kw,DAL vs COL,dlcf5rmik3eugzc2yg43mcc4,2026-03-07 01:00:00+00,p2qpzbj4j1u09p1ou55zt0by,vs1quxu6cr1o2b9kgwfhj2j3,finished,regular_season,4,5,so,,,,,,2026-03-07 04:03:00.205+00,2026-02-26 19:34:17.018+00,2026-03-07 04:03:00.041+00,416601,AP
z8qukuayssoeze2lcb624z2e,dan vs Lot,nuy2mhu5y0bptjed2r4dfwtm,2026-02-15 18:10:00+00,mju7nhy6bgt5vfr4cde3xsw2,zaq1xsw2cde3vfr4bgt5nhy6,finished,group_phase,4,2,regular,Skupina C,,C,,,2026-02-15 20:40:00.534+00,2026-01-21 20:05:19.375+00,2026-02-15 20:40:00.055+00,395354,FT
zeiddw21brd1eclk743g4i7r,KOS vs POP,spsevlvb34lj4i4ny3aq4odq,2026-02-13 16:30:00+00,o8z4y5p9q2a1b3c5d7e9f0g1,v5w6x7y8z9a0b1c2d3e4f5g6,finished,regular_season,3,1,regular,47. kolo,,,,,2026-02-13 19:00:00.406+00,2026-02-04 20:22:03.28+00,2026-02-13 19:00:00.056+00,419304,FT
zi0z8ijcgsrt6n446l6n20gr,NEW vs BUF,dlcf5rmik3eugzc2yg43mcc4,2026-02-26 00:00:00+00,s7lg5pepsvg6nbtngnqk5u2r,mxtxzdc206dy4fflnum7wlql,finished,regular_season,1,2,regular,,,,,,2026-02-26 19:43:00.281+00,2026-02-26 19:34:13.348+00,2026-02-26 19:43:00.05+00,416527,FT
zk41iq6uny9bblefi7cqkw6d,FLO vs TOR,dlcf5rmik3eugzc2yg43mcc4,2026-02-27 00:00:00+00,f3c63n9g6lqr5hseu530syq8,tvs3td15i2e7o7nea7wyxsv6,finished,regular_season,5,1,regular,,,,,,2026-02-28 03:40:07.453+00,2026-02-26 19:34:13.765+00,,416538,FT
zkb3evyeb3830lqopssfhn8t,NEW vs LOS,dlcf5rmik3eugzc2yg43mcc4,2026-03-13 23:00:00+00,p8qedae0rtpzt0m28xzrgdev,ntwii4nqx34dtcomyvnn3du6,scheduled,regular_season,0,0,regular,,,,,,2026-03-02 03:45:06.98+00,2026-03-02 03:45:06.98+00,,416658,NS
zkecuz9j934utehvn02ns11b,NEW vs LOS,dlcf5rmik3eugzc2yg43mcc4,2026-03-14 23:00:00+00,s7lg5pepsvg6nbtngnqk5u2r,ntwii4nqx34dtcomyvnn3du6,scheduled,regular_season,0,0,regular,,,,,,2026-03-02 03:45:07.412+00,2026-03-02 03:45:07.412+00,,416666,NS
zo1yym8ach5kmffu6a9yvfv3,VAN vs NAS,dlcf5rmik3eugzc2yg43mcc4,2026-03-13 02:00:00+00,livjk367dz0y9w68rfbzuj6h,un0pchtt2a1ol6h8irkzew9b,scheduled,regular_season,0,0,regular,,,,,,2026-03-02 03:45:06.908+00,2026-03-02 03:45:06.908+00,,416656,NS
zv36afroa9j2jmkbn4685dkc,COL vs UTA,dlcf5rmik3eugzc2yg43mcc4,2026-03-08 00:00:00+00,sc8pg4fr4jp7292tt7xibobl,e2pykmkooqocbx8fj9sjhjpl,scheduled,regular_season,0,0,regular,,,,,,2026-02-26 19:34:17.909+00,2026-02-26 19:34:17.908+00,,416614,NS
zvde4l35wrd96g1gjr6xreg1,MIC vs BBY,spsevlvb34lj4i4ny3aq4odq,2026-02-27 16:00:00+00,b9c0d1e2f3g4h5i6j7k8l9m0,h7i8j9k0l1m2n3o4p5q6r7s8,finished,regular_season,3,2,regular,51. kolo,,,,,2026-02-28 03:40:08.054+00,2026-02-16 03:45:02.705+00,,419325,FT