id,alt,prefix,updated_at,created_at,url,thumbnail_u_r_l,filename,mime_type,filesize,width,height,focal_x,focal_y,sizes_thumbnail_url,sizes_thumbnail_width,sizes_thumbnail_height,sizes_thumbnail_mime_type,sizes_thumbnail_filesize,sizes_thumbnail_filename
a0k70x9xpca9tawgpqjmalln,Logo Povazska Bystrica,team_logo,2026-02-09 20:57:11.016+00,2026-02-09 20:57:10.699+00,/api/team-logos/file/mu51nmqdpouhu21dpfn65wf6.png,,mu51nmqdpouhu21dpfn65wf6.png,image/png,142663,237,150,50,50,/api/team-logos/file/mu51nmqdpouhu21dpfn65wf6.png,,,,,
a1be6kzt89psmsez5sxke8xs,hk_nitra,team_logo,2026-02-04 18:36:52.035+00,2026-02-04 18:36:51.764+00,/api/team-logos/file/hk_nitra.svg,,hk_nitra.svg,image/svg+xml,17945,412,411,,,/api/team-logos/file/hk_nitra.svg,,,,,
a8aqedpnahejx7rh18nqbx3c,hk_32_liptovsky_mikulas,team_logo,2026-02-04 18:36:23.433+00,2026-02-04 18:36:23.17+00,/api/team-logos/file/hk_32_liptovsky_mikulas.svg,,hk_32_liptovsky_mikulas.svg,image/svg+xml,13758,726,385,,,/api/team-logos/file/hk_32_liptovsky_mikulas.svg,,,,,
b9lyajjgddfbtw215cqzicd7,Logo Ottawa Senators,team_logo,2026-02-26 19:31:52.194+00,2026-02-26 19:31:51.691+00,/api/team-logos/file/psqwgs9qikf29dn411v9v9i5.png,,psqwgs9qikf29dn411v9v9i5.png,image/png,113210,188,150,50,50,/api/team-logos/file/psqwgs9qikf29dn411v9v9i5.png,,,,,
c2f6wnawi7geuk9dl27nkj7s,hc_presov,team_logo,2026-02-04 18:36:02.323+00,2026-02-04 18:36:02.09+00,/api/team-logos/file/hc_presov.svg,,hc_presov.svg,image/svg+xml,12823,513,512,,,/api/team-logos/file/hc_presov.svg,,,,,
c71jobtrwaphbr8vhwzqlia6,Logo Dubnica,team_logo,2026-02-09 20:57:08.125+00,2026-02-09 20:57:07.75+00,/api/team-logos/file/g0sy2lsidy074lcqh8m6actk.png,,g0sy2lsidy074lcqh8m6actk.png,image/png,33547,151,150,50,50,/api/team-logos/file/g0sy2lsidy074lcqh8m6actk.png,,,,,
cjdmfpzh3xm9701054ywly8u,den_square,team_logo,2026-01-24 22:33:22.601+00,2026-01-24 22:33:22.322+00,/api/team-logos/file/den_square.webp,/api/team-logos/file/den_square-400x400.webp,den_square.webp,image/webp,5942,1600,1600,50,50,/api/team-logos/file/den_square-400x400.webp,400,400,image/webp,906,den_square-400x400.webp
db0bipupdk5kleoy81iu8wqi,Logo Topolcany,team_logo,2026-02-09 20:57:12.565+00,2026-02-09 20:57:12.288+00,/api/team-logos/file/bq2443o8wyobrlcxrh20wkns.png,,bq2443o8wyobrlcxrh20wkns.png,image/png,92781,154,150,50,50,/api/team-logos/file/bq2443o8wyobrlcxrh20wkns.png,,,,,
e89vs07iiactk82i7jpp226e,hk_poprad,team_logo,2026-02-04 18:37:04.514+00,2026-02-04 18:37:04.138+00,/api/team-logos/file/hk_poprad.svg,,hk_poprad.svg,image/svg+xml,16384,27,44,,,/api/team-logos/file/hk_poprad.svg,,,,,
eiidnahgudmwig1hd3lc7j2x,Logo Columbus Blue Jackets,team_logo,2026-02-26 19:31:31.29+00,2026-02-26 19:31:30.799+00,/api/team-logos/file/mqy23z6042jyqoeekhep1lw8.png,,mqy23z6042jyqoeekhep1lw8.png,image/png,104798,174,150,50,50,/api/team-logos/file/mqy23z6042jyqoeekhep1lw8.png,,,,,
f4je88q78cavr9hfkbo499by,cze_square,team_logo,2026-01-24 22:33:38.023+00,2026-01-24 22:33:37.746+00,/api/team-logos/file/cze_square.webp,/api/team-logos/file/cze_square-400x400.webp,cze_square.webp,image/webp,6568,1024,1024,50,50,/api/team-logos/file/cze_square-400x400.webp,400,400,image/webp,2230,cze_square-400x400.webp
fg4m7tdfwnswqzonckwtendx,ita_square,team_logo,2026-01-24 22:30:35.671+00,2026-01-24 22:30:35.155+00,/api/team-logos/file/ita_square.webp,/api/team-logos/file/ita_square-400x400.webp,ita_square.webp,image/webp,5304,1600,1600,50,50,/api/team-logos/file/ita_square-400x400.webp,400,400,image/webp,588,ita_square-400x400.webp
fyto05gchwoahx8b3eyg5adr,Logo Boston Bruins,team_logo,2026-02-26 19:31:20.14+00,2026-02-26 19:31:19.746+00,/api/team-logos/file/b0w750spziaicvy21v91eyz0.png,,b0w750spziaicvy21v91eyz0.png,image/png,36310,150,150,50,50,/api/team-logos/file/b0w750spziaicvy21v91eyz0.png,,,,,
gf88ns8l9koarngwsm0s6jtq,fin_square,team_logo,2026-01-24 22:33:56.212+00,2026-01-24 22:33:55.916+00,/api/team-logos/file/fin_square-1.webp,/api/team-logos/file/fin_square-1-400x400.webp,fin_square-1.webp,image/webp,5662,1600,1600,50,50,/api/team-logos/file/fin_square-1-400x400.webp,400,400,image/webp,842,fin_square-1-400x400.webp
gl2w95rc5v9mh0bz8lxjgjcw,Logo HK Detva,team_logo,2026-02-09 20:57:09.211+00,2026-02-09 20:57:08.769+00,/api/team-logos/file/uiotopc9rliwwymvwzxsd91m.png,,uiotopc9rliwwymvwzxsd91m.png,image/png,29416,150,150,50,50,/api/team-logos/file/uiotopc9rliwwymvwzxsd91m.png,,,,,
h2dz6v3wxjie6jd24n036m98,Logo Buffalo Sabres,team_logo,2026-02-26 19:31:21.996+00,2026-02-26 19:31:21.451+00,/api/team-logos/file/deh7ba2i6sxj2x53rc61jb8w.png,,deh7ba2i6sxj2x53rc61jb8w.png,image/png,90381,150,150,50,50,/api/team-logos/file/deh7ba2i6sxj2x53rc61jb8w.png,,,,,
i6jfxtu6rp8ld124c3m85689,Logo Anaheim Ducks,team_logo,2026-02-26 19:31:18.3+00,2026-02-26 19:31:17.301+00,/api/team-logos/file/x88brhg7g7eu0uamw8kyhln3.png,,x88brhg7g7eu0uamw8kyhln3.png,image/png,100598,167,150,50,50,/api/team-logos/file/x88brhg7g7eu0uamw8kyhln3.png,,,,,
ibkciojq9n54a38ti8yycq0e,usa_square,team_logo,2026-01-24 22:25:58.958+00,2026-01-24 22:25:58.7+00,/api/team-logos/file/usa_square.webp,/api/team-logos/file/usa_square-400x400.webp,usa_square.webp,image/webp,12986,512,512,50,50,/api/team-logos/file/usa_square-400x400.webp,400,400,image/webp,9854,usa_square-400x400.webp
ifd340zyuvm7tgvdh2qd2gh9,Logo Dallas Stars,team_logo,2026-02-26 19:31:32.87+00,2026-02-26 19:31:32.451+00,/api/team-logos/file/p9xng0xkag4lg0tg9j5w7v2m.png,,p9xng0xkag4lg0tg9j5w7v2m.png,image/png,109610,182,150,50,50,/api/team-logos/file/p9xng0xkag4lg0tg9j5w7v2m.png,,,,,
iirb3if5ffokqpnp0r2avgz7,swe_square,team_logo,2026-01-24 22:27:01.966+00,2026-01-24 22:27:01.602+00,/api/team-logos/file/swe_square.webp,/api/team-logos/file/swe_square-400x400.webp,swe_square.webp,image/webp,6146,1600,1600,50,50,/api/team-logos/file/swe_square-400x400.webp,400,400,image/webp,842,swe_square-400x400.webp
ijjdpdfv8xifzsddknyrnd1f,Logo Nashville Predators,team_logo,2026-02-26 19:31:44.969+00,2026-02-26 19:31:44.523+00,/api/team-logos/file/iwzhtgwv4foi52si439lg30p.png,,iwzhtgwv4foi52si439lg30p.png,image/png,57696,267,150,50,50,/api/team-logos/file/iwzhtgwv4foi52si439lg30p.png,,,,,
imaiyv2pbzxw0c362mhup185,fra_square,team_logo,2026-01-24 22:32:54.034+00,2026-01-24 22:32:53.746+00,/api/team-logos/file/fra_square.webp,/api/team-logos/file/fra_square-400x400.webp,fra_square.webp,image/webp,5328,1600,1600,50,50,/api/team-logos/file/fra_square-400x400.webp,400,400,image/webp,516,fra_square-400x400.webp
ivrocihw7ldhkq8xw4sixx6c,Logo New Jersey Devils,team_logo,2026-02-26 19:31:46.534+00,2026-02-26 19:31:46.166+00,/api/team-logos/file/w91pf65qit7ll1qflmpgcwvy.png,,w91pf65qit7ll1qflmpgcwvy.png,image/png,88569,147,150,50,50,/api/team-logos/file/w91pf65qit7ll1qflmpgcwvy.png,,,,,
j02d5qong5czrslqb7bmil9l,Logo Seattle Kraken,team_logo,2026-02-26 19:31:59.201+00,2026-02-26 19:31:58.801+00,/api/team-logos/file/vvwtwp84txwkfzk6daat9lda.png,,vvwtwp84txwkfzk6daat9lda.png,image/png,71745,119,150,50,50,/api/team-logos/file/vvwtwp84txwkfzk6daat9lda.png,,,,,
j7dgmbh7d0apn78o7a2vntaq,sui_square,team_logo,2026-01-24 22:28:44.226+00,2026-01-24 22:28:43.75+00,/api/team-logos/file/sui_square.webp,/api/team-logos/file/sui_square-400x400.webp,sui_square.webp,image/webp,5690,1600,1600,50,50,/api/team-logos/file/sui_square-400x400.webp,400,400,image/webp,966,sui_square-400x400.webp
jan168hipvl5iugt0srtk4a0,Logo Martin,team_logo,2026-02-09 20:57:10.133+00,2026-02-09 20:57:09.707+00,/api/team-logos/file/dpgy0wux1vczmh1i6kg82uyk.png,,dpgy0wux1vczmh1i6kg82uyk.png,image/png,87969,146,150,50,50,/api/team-logos/file/dpgy0wux1vczmh1i6kg82uyk.png,,,,,
jt7pp5fvfr4pkj7w4ii37bfn,Logo Trnava,team_logo,2026-02-09 20:57:12.94+00,2026-02-09 20:57:12.668+00,/api/team-logos/file/t6ogyf9ax13t04toltbidmo3.png,,t6ogyf9ax13t04toltbidmo3.png,image/png,90381,150,150,50,50,/api/team-logos/file/t6ogyf9ax13t04toltbidmo3.png,,,,,
kxhzao0r2tnbfj7t9evf7uil,Logo Winnipeg Jets,team_logo,2026-02-26 19:32:13.832+00,2026-02-26 19:32:13.451+00,/api/team-logos/file/hg89fjugnu4gu0gc3dd51oiz.png,,hg89fjugnu4gu0gc3dd51oiz.png,image/png,21296,122,150,50,50,/api/team-logos/file/hg89fjugnu4gu0gc3dd51oiz.png,,,,,
kxpti1c947dvi7g24ey9hkka,Logo St. Louis Blues,team_logo,2026-02-26 19:32:00.956+00,2026-02-26 19:32:00.512+00,/api/team-logos/file/y2612v0cpy7pkh1o9deub1hi.png,,y2612v0cpy7pkh1o9deub1hi.png,image/png,113210,188,150,50,50,/api/team-logos/file/y2612v0cpy7pkh1o9deub1hi.png,,,,,
l38vazqij51xo3uqxomuspsq,hc_banska_bystrica,team_logo,2026-02-04 18:34:54.452+00,2026-02-04 18:34:54.171+00,/api/team-logos/file/hc_banska_bystrica.svg,,hc_banska_bystrica.svg,image/svg+xml,166110,870,875,,,/api/team-logos/file/hc_banska_bystrica.svg,,,,,
l96za0wdw67r7uxafb4plar3,Logo Chicago Blackhawks,team_logo,2026-02-26 19:31:27.336+00,2026-02-26 19:31:26.662+00,/api/team-logos/file/axqd3cwca6zh9tv88701o447.png,,axqd3cwca6zh9tv88701o447.png,image/png,103598,172,150,50,50,/api/team-logos/file/axqd3cwca6zh9tv88701o447.png,,,,,
lngyp8bzwgsotk7ed1309k66,vlci_zilina,team_logo,2026-02-04 18:37:33.523+00,2026-02-04 18:37:33.289+00,/api/team-logos/file/vlci_zilina.svg,,vlci_zilina.svg,image/svg+xml,1261,392,212,,,/api/team-logos/file/vlci_zilina.svg,,,,,
lobv2ofj9y55kopu44nu8yu2,Logo Tampa Bay Lightning,team_logo,2026-02-26 19:32:02.562+00,2026-02-26 19:32:02.118+00,/api/team-logos/file/rkjrwl8htjqc3gdhruiq2g2l.png,,rkjrwl8htjqc3gdhruiq2g2l.png,image/png,96981,161,150,50,50,/api/team-logos/file/rkjrwl8htjqc3gdhruiq2g2l.png,,,,,
m1dh98f3vqthdzviw7xsso70,hk_dukla_trencin,team_logo,2026-02-04 18:36:42.239+00,2026-02-04 18:36:41.992+00,/api/team-logos/file/hk_dukla_trencin.svg,,hk_dukla_trencin.svg,image/svg+xml,18761,365,405,,,/api/team-logos/file/hk_dukla_trencin.svg,,,,,
m758zw3se6d75fqka86q636m,Logo Ziar nad Hronom,team_logo,2026-02-09 20:57:13.383+00,2026-02-09 20:57:13.048+00,/api/team-logos/file/ftnc5uh2a8n1xezv4ln0igls.png,,ftnc5uh2a8n1xezv4ln0igls.png,image/png,90381,150,150,50,50,/api/team-logos/file/ftnc5uh2a8n1xezv4ln0igls.png,,,,,
ma39uu0t3d9ejpms7ap0ev2y,Logo Colorado Avalanche,team_logo,2026-02-26 19:31:29.069+00,2026-02-26 19:31:28.533+00,/api/team-logos/file/nd6mxxunno92s23npau150bj.png,,nd6mxxunno92s23npau150bj.png,image/png,110810,184,150,50,50,/api/team-logos/file/nd6mxxunno92s23npau150bj.png,,,,,
mcxf2mgd5zlxtgcrowsud02q,Logo Carolina Hurricanes,team_logo,2026-02-26 19:31:25.356+00,2026-02-26 19:31:24.905+00,/api/team-logos/file/xccq73zuid8nfzk56o4imtcz.png,,xccq73zuid8nfzk56o4imtcz.png,image/png,150475,250,150,50,50,/api/team-logos/file/xccq73zuid8nfzk56o4imtcz.png,,,,,
mtywkxxwal89tnxy3omm5xof,fin_square,team_logo,2026-01-24 22:33:09.216+00,2026-01-24 22:33:08.927+00,/api/team-logos/file/fin_square.webp,/api/team-logos/file/fin_square-400x400.webp,fin_square.webp,image/webp,5662,1600,1600,50,50,/api/team-logos/file/fin_square-400x400.webp,400,400,image/webp,842,fin_square-400x400.webp
o6d1j9wq1uuuf068d23l3l4o,Logo Montreal Canadiens,team_logo,2026-02-26 19:31:43.126+00,2026-02-26 19:31:42.663+00,/api/team-logos/file/mstc5qxly9jgzxdpl64f5iaa.png,,mstc5qxly9jgzxdpl64f5iaa.png,image/png,131846,219,150,50,50,/api/team-logos/file/mstc5qxly9jgzxdpl64f5iaa.png,,,,,
ogpfptzi3oppvyq5py4mlof9,Logo Pittsburgh Penguins,team_logo,2026-02-26 19:31:55.66+00,2026-02-26 19:31:55.157+00,/api/team-logos/file/weu8njth5eif7hy3d98kb8pv.png,,weu8njth5eif7hy3d98kb8pv.png,image/png,95181,158,150,50,50,/api/team-logos/file/weu8njth5eif7hy3d98kb8pv.png,,,,,
osa0kquluh927nmzfl9dp91j,hc_slovan_bratislava,team_logo,2026-02-04 18:36:12.66+00,2026-02-04 18:36:12.369+00,/api/team-logos/file/hc_slovan_bratislava.svg,,hc_slovan_bratislava.svg,image/svg+xml,3072,390,494,,,/api/team-logos/file/hc_slovan_bratislava.svg,,,,,
oudk1et47h9bjh8dk3zij30b,Logo HK Levice,team_logo,2026-02-09 20:57:09.587+00,2026-02-09 20:57:09.329+00,/api/team-logos/file/p8h437x65q7istrns394cn96.png,,p8h437x65q7istrns394cn96.png,image/png,80157,133,150,50,50,/api/team-logos/file/p8h437x65q7istrns394cn96.png,,,,,
p6as3skumqwedyq0gbt0eg2p,can_square,team_logo,2026-01-24 22:34:12.411+00,2026-01-24 22:34:12.091+00,/api/team-logos/file/can_square.webp,/api/team-logos/file/can_square-400x400.webp,can_square.webp,image/webp,13116,1024,1024,50,50,/api/team-logos/file/can_square-400x400.webp,400,400,image/webp,4752,can_square-400x400.webp
p6m11m88554iqsef8tf08ok4,Logo Calgary Flames,team_logo,2026-02-26 19:31:23.691+00,2026-02-26 19:31:23.248+00,/api/team-logos/file/ba0xwrq9evg3n5ccanqu9m2v.png,,ba0xwrq9evg3n5ccanqu9m2v.png,image/png,37965,164,150,50,50,/api/team-logos/file/ba0xwrq9evg3n5ccanqu9m2v.png,,,,,
peb1736jhhwo57spsq1ozxgi,Logo HC 19 Humenne,team_logo,2026-02-09 20:57:08.536+00,2026-02-09 20:57:08.267+00,/api/team-logos/file/t82gzyr0a4uqhq5zz9lhbb07.png,,t82gzyr0a4uqhq5zz9lhbb07.png,image/png,155875,259,150,50,50,/api/team-logos/file/t82gzyr0a4uqhq5zz9lhbb07.png,,,,,
q6wxwtx4bhbu9eatdhw5pv2b,Logo Detroit Red Wings,team_logo,2026-02-26 19:31:34.698+00,2026-02-26 19:31:34.174+00,/api/team-logos/file/cgyh7ddwubshywtq297gqmjx.png,,cgyh7ddwubshywtq297gqmjx.png,image/png,160687,267,150,50,50,/api/team-logos/file/cgyh7ddwubshywtq297gqmjx.png,,,,,
qqbyaydygwtjhy7k08ygk4ib,hk_snv,team_logo,2026-02-04 18:37:15.247+00,2026-02-04 18:37:14.933+00,/api/team-logos/file/hk_snv.svg,,hk_snv.svg,image/svg+xml,23911,231,266,,,/api/team-logos/file/hk_snv.svg,,,,,
rddbjd937vi5e2fphrlww1r6,hc_kosice,team_logo,2026-02-04 18:35:51.289+00,2026-02-04 18:35:51.042+00,/api/team-logos/file/hc_kosice.svg,,hc_kosice.svg,image/svg+xml,10107,524,612,,,/api/team-logos/file/hc_kosice.svg,,,,,
rs6bmlm6zv5wpu17g6xuy2r5,Logo Nove Zamky,team_logo,2026-02-09 20:57:10.583+00,2026-02-09 20:57:10.237+00,/api/team-logos/file/zxiz13u0r3kas67l5zhzmek1.png,,zxiz13u0r3kas67l5zhzmek1.png,image/png,104198,173,150,50,50,/api/team-logos/file/zxiz13u0r3kas67l5zhzmek1.png,,,,,
s5nxq4r95ycxfiv6t8atfwdt,Logo Slovakia U18,team_logo,2026-02-09 20:57:11.799+00,2026-02-09 20:57:11.526+00,/api/team-logos/file/om54r3w8s2xl0h63loyhuhbx.png,,om54r3w8s2xl0h63loyhuhbx.png,image/png,68745,114,150,50,50,/api/team-logos/file/om54r3w8s2xl0h63loyhuhbx.png,,,,,
snw547mwyxnx8yg53a2t94w3,ger_square,team_logo,2026-01-24 22:32:39.684+00,2026-01-24 22:32:39.146+00,/api/team-logos/file/ger_square.webp,/api/team-logos/file/ger_square-400x400.webp,ger_square.webp,image/webp,5288,1600,1600,50,50,/api/team-logos/file/ger_square-400x400.webp,400,400,image/webp,516,ger_square-400x400.webp
tvkpw6hnha4hrdxkosy0ui4f,lat_square,team_logo,2026-01-24 22:29:51.079+00,2026-01-24 22:29:50.591+00,/api/team-logos/file/lat_square.webp,/api/team-logos/file/lat_square-400x400.webp,lat_square.webp,image/webp,5542,1600,1600,50,50,/api/team-logos/file/lat_square-400x400.webp,400,400,image/webp,576,lat_square-400x400.webp
u3ymqn7oh5409pb3b4w6768f,Logo Florida Panthers,team_logo,2026-02-26 19:31:38.076+00,2026-02-26 19:31:37.641+00,/api/team-logos/file/bggl99g6s8opaw9ugfa6de47.png,,bggl99g6s8opaw9ugfa6de47.png,image/png,80757,134,150,50,50,/api/team-logos/file/bggl99g6s8opaw9ugfa6de47.png,,,,,
ughqzlskaml93trwjmf506kd,Logo Utah Mammoth,team_logo,2026-02-26 19:32:06.876+00,2026-02-26 19:32:06.415+00,/api/team-logos/file/z2y28uf7mlt52003vd4kjjei.png,,z2y28uf7mlt52003vd4kjjei.png,image/png,122822,204,150,50,50,/api/team-logos/file/z2y28uf7mlt52003vd4kjjei.png,,,,,
unh9wkpca8gtakn4hhkfpigh,hkm_zvolen,team_logo,2026-02-04 18:37:24.798+00,2026-02-04 18:37:24.552+00,/api/team-logos/file/hkm_zvolen.svg,,hkm_zvolen.svg,image/svg+xml,14215,309,309,,,/api/team-logos/file/hkm_zvolen.svg,,,,,
v1t2uh5kg9w5fvcecw5avbmi,hk_dukla_michalovce,team_logo,2026-02-04 18:36:33.349+00,2026-02-04 18:36:32.976+00,/api/team-logos/file/hk_dukla_michalovce.svg,,hk_dukla_michalovce.svg,image/svg+xml,21153,237,237,,,/api/team-logos/file/hk_dukla_michalovce.svg,,,,,
v2uy87z1fbo42e3w33cs797g,Logo New York Islanders,team_logo,2026-02-26 19:31:48.675+00,2026-02-26 19:31:48.197+00,/api/team-logos/file/cfjdd6eh0tab2n3y9d0iibq6.png,,cfjdd6eh0tab2n3y9d0iibq6.png,image/png,160687,267,150,50,50,/api/team-logos/file/cfjdd6eh0tab2n3y9d0iibq6.png,,,,,
v4gdzg41x9xzdlpr3wqel39q,Logo Skalica,team_logo,2026-02-09 20:57:11.426+00,2026-02-09 20:57:11.122+00,/api/team-logos/file/gduitn3ebmb8x3f6vzjov33u.png,,gduitn3ebmb8x3f6vzjov33u.png,image/png,79557,132,150,50,50,/api/team-logos/file/gduitn3ebmb8x3f6vzjov33u.png,,,,,
v8ozwaem5pumdi7ytdwjf7d0,Logo Philadelphia Flyers,team_logo,2026-02-26 19:31:53.869+00,2026-02-26 19:31:53.402+00,/api/team-logos/file/jowpsjtflsse7jhjs4g83dxv.png,,jowpsjtflsse7jhjs4g83dxv.png,image/png,130034,216,150,50,50,/api/team-logos/file/jowpsjtflsse7jhjs4g83dxv.png,,,,,
va8l43u0z9uviqvqss47927e,Logo TEBS Bratislava,team_logo,2026-02-09 20:57:12.189+00,2026-02-09 20:57:11.92+00,/api/team-logos/file/v0lay8wgyow8bji864cva63n.png,,v0lay8wgyow8bji864cva63n.png,image/png,90381,150,150,50,50,/api/team-logos/file/v0lay8wgyow8bji864cva63n.png,,,,,
whirxcvj5zdyyzljv1qfthhf,Logo Edmonton Oilers,team_logo,2026-02-26 19:31:36.349+00,2026-02-26 19:31:35.922+00,/api/team-logos/file/b7q4hb34qw5pdnpyqtncn9w7.png,,b7q4hb34qw5pdnpyqtncn9w7.png,image/png,90381,150,150,50,50,/api/team-logos/file/b7q4hb34qw5pdnpyqtncn9w7.png,,,,,
wq7gab0uogi3zomrx2x82ua8,Logo Los Angeles Kings,team_logo,2026-02-26 19:31:39.743+00,2026-02-26 19:31:39.241+00,/api/team-logos/file/o312ebfy4n7yp43ep4q3fkib.png,,o312ebfy4n7yp43ep4q3fkib.png,image/png,160687,267,150,50,50,/api/team-logos/file/o312ebfy4n7yp43ep4q3fkib.png,,,,,
wz9ikes4wn284c2v5znkklck,svk_square,team_logo,2026-01-24 22:27:19.836+00,2026-01-24 22:27:19.562+00,/api/team-logos/file/svk_square.webp,/api/team-logos/file/svk_square-400x400.webp,svk_square.webp,image/webp,11822,1024,1024,50,50,/api/team-logos/file/svk_square-400x400.webp,400,400,image/webp,4234,svk_square-400x400.webp
x9dqclhgxufkg6ls3w06fh7h,Logo Toronto Maple Leafs,team_logo,2026-02-26 19:32:05.245+00,2026-02-26 19:32:04.846+00,/api/team-logos/file/m9gvyb8kattigjzrk3xo69c0.png,,m9gvyb8kattigjzrk3xo69c0.png,image/png,80757,134,150,50,50,/api/team-logos/file/m9gvyb8kattigjzrk3xo69c0.png,,,,,
xf4zlgt19shbcfmsc1b2nnub,Logo Vegas Golden Knights,team_logo,2026-02-26 19:32:10.29+00,2026-02-26 19:32:09.841+00,/api/team-logos/file/az4ecv6p3llg24lquft55cjd.png,,az4ecv6p3llg24lquft55cjd.png,image/png,66945,111,150,50,50,/api/team-logos/file/az4ecv6p3llg24lquft55cjd.png,,,,,
xmbkagnqzwchfssesvpy0d5y,Logo San Jose Sharks,team_logo,2026-02-26 19:31:57.411+00,2026-02-26 19:31:56.911+00,/api/team-logos/file/ymmun3gjvmrhlkn15u1trwzm.png,,ymmun3gjvmrhlkn15u1trwzm.png,image/png,107810,179,150,50,50,/api/team-logos/file/ymmun3gjvmrhlkn15u1trwzm.png,,,,,
xpapcz0l754bd8afa4z471q8,Logo Minnesota Wild,team_logo,2026-02-26 19:31:41.374+00,2026-02-26 19:31:40.972+00,/api/team-logos/file/jmdfas28hkc3jy324p7mfvzv.png,,jmdfas28hkc3jy324p7mfvzv.png,image/png,139663,232,150,50,50,/api/team-logos/file/jmdfas28hkc3jy324p7mfvzv.png,,,,,
xwl9lgnz35a1hvyoz785um5y,Logo New York Rangers,team_logo,2026-02-26 19:31:50.22+00,2026-02-26 19:31:49.815+00,/api/team-logos/file/b42jl0de68mmct2zlh5gxkbg.png,,b42jl0de68mmct2zlh5gxkbg.png,image/png,160687,267,150,50,50,/api/team-logos/file/b42jl0de68mmct2zlh5gxkbg.png,,,,,
yqthz6q5xl322ktx4r9qv4ak,Logo Vancouver Canucks,team_logo,2026-02-26 19:32:08.664+00,2026-02-26 19:32:08.241+00,/api/team-logos/file/m3h7n6xuzstji24mqsuuqxua.png,,m3h7n6xuzstji24mqsuuqxua.png,image/png,93981,156,150,50,50,/api/team-logos/file/m3h7n6xuzstji24mqsuuqxua.png,,,,,
z8xdaibkar827xk92h7pyvk8,Logo Washington Capitals,team_logo,2026-02-26 19:32:12.215+00,2026-02-26 19:32:11.706+00,/api/team-logos/file/ohy4msysus6dpk20p0rt906t.png,,ohy4msysus6dpk20p0rt906t.png,image/png,160687,267,150,50,50,/api/team-logos/file/ohy4msysus6dpk20p0rt906t.png,,,,,